Name, Total Kills, Headshot Percentage, Total Deaths, Kill/Death Ratio,Damage Per Round, Grenade Damage Per Round, Maps Played, Rounds Played, Kills Per Round, Assists Per Round,Deaths Per Round, Saved By Teamates Per Round, Saved Teamates Per Round, KAST, Impact, Rating 2.0
ZywOo,21169,41.4,15334,1.38,88.6,3.6,949,24924,0.85,0.13,0.62,0.10,0.12,74.9,1.46,1.33
s1mple,34043,41.3,25403,1.34,86.4,2.3,1508,39800,0.86,0.10,0.64,0.08,0.11,74.1,1.36,1.25
sh1ro,16875,27.9,11681,1.44,78.6,3.9,825,21907,0.77,0.11,0.53,0.08,0.11,76.2,1.21,1.26
Kaze,16410,30.3,12451,1.32,80.5,2.9,801,20911,0.78,0.11,0.60,0.08,0.10,73.7,1.24,1.19
degster,13364,34.7,10290,1.30,79.4,3.0,640,17009,0.79,0.09,0.60,0.07,0.10,72.4,1.26,1.21
sterling,16295,31.4,12323,1.32,78.7,4.0,813,20829,0.78,0.10,0.59,0.08,0.11,73.6,1.20,1.21
smooya,16576,27.4,13183,1.26,78.9,2.4,803,21204,0.78,0.10,0.62,0.08,0.10,71.3,1.27,1.19
torzsi,8277,29.3,6589,1.26,79.2,2.5,393,10525,0.79,0.09,0.63,0.09,0.11,71.4,1.23,1.19
XANTARES,35954,53.3,29974,1.20,89.1,4.4,1681,44213,0.81,0.15,0.68,0.10,0.10,72.2,1.34,1.17
device,36293,35.0,29085,1.25,80.3,4.3,1793,46666,0.78,0.13,0.62,0.07,0.08,71.2,1.28,1.16
SENSEi,7901,31.5,5954,1.33,75.6,2.5,401,10605,0.75,0.08,0.56,0.07,0.09,73.1,1.18,1.20
NiKo,33264,50.5,27840,1.19,86.1,4.2,1571,41652,0.80,0.13,0.67,0.08,0.10,71.1,1.31,1.16
BnTeT,19744,39.8,15976,1.24,83.4,5.1,984,25640,0.77,0.15,0.62,0.10,0.12,74.6,1.16,1.16
coldzera,27748,49.5,22085,1.26,79.6,2.4,1378,35945,0.77,0.11,0.61,0.08,0.10,73.6,1.10,1.16
XigN,13728,52.3,11369,1.21,83.0,2.7,675,17449,0.79,0.13,0.65,0.09,0.10,73.4,1.24,1.15
Sico,16472,35.0,12795,1.29,79.4,7.0,860,21822,0.75,0.14,0.59,0.09,0.10,74.1,1.18,1.15
KSCERATO,16528,49.8,12945,1.28,79.5,5.3,859,22319,0.74,0.13,0.58,0.08,0.10,75.2,1.09,1.19
blameF,16185,39.5,12921,1.25,85.2,6.9,797,21313,0.76,0.14,0.61,0.07,0.09,74.0,1.21,1.22
Benkai,12164,46.7,10118,1.20,85.4,4.2,603,15560,0.78,0.14,0.65,0.07,0.10,71.7,1.25,1.14
XELLOW,20716,41.1,17551,1.18,81.0,1.8,1006,26393,0.78,0.11,0.66,0.09,0.11,70.7,1.28,1.14
Jame,21580,25.2,16489,1.31,73.4,3.9,1131,29957,0.72,0.09,0.55,0.07,0.09,73.8,1.13,1.18
Texta,12510,40.3,10760,1.16,87.1,3.6,625,15713,0.80,0.18,0.68,0.10,0.13,73.3,1.29,1.21
mhL,8942,28.3,7418,1.21,80.0,3.9,435,11677,0.77,0.12,0.64,0.10,0.11,70.8,1.22,1.17
El1an,24496,27.2,19943,1.23,78.5,2.6,1220,32454,0.75,0.11,0.61,0.07,0.08,70.6,1.23,1.17
oskar,29315,30.5,24456,1.20,78.2,3.4,1457,38422,0.76,0.10,0.64,0.07,0.08,70.5,1.21,1.13
vsm,10281,46.7,8805,1.17,84.0,3.0,501,13253,0.78,0.13,0.66,0.09,0.10,71.9,1.26,1.19
kennyS,37067,31.2,30736,1.21,74.7,3.4,1852,48898,0.76,0.11,0.63,0.09,0.11,70.7,1.12,1.13
frozen,22564,55.0,19255,1.17,83.4,5.0,1133,29615,0.76,0.13,0.65,0.09,0.11,72.8,1.19,1.13
huNter-,28749,49.4,24711,1.16,85.0,5.5,1408,37073,0.78,0.14,0.67,0.10,0.11,72.1,1.24,1.12
Freeman,14141,49.4,11989,1.18,80.3,2.9,730,18621,0.76,0.13,0.64,0.09,0.11,72.9,1.15,1.16
woxic,21080,32.5,17513,1.20,76.8,2.3,1087,28459,0.74,0.11,0.62,0.08,0.10,71.3,1.18,1.12
dream3r,22379,50.0,18407,1.22,77.7,3.2,1145,29892,0.75,0.12,0.62,0.08,0.11,73.4,1.07,1.12
mantuu,13493,35.9,11205,1.20,76.7,3.4,675,18088,0.75,0.11,0.62,0.09,0.12,72.9,1.17,1.16
erkaSt,17206,50.2,14702,1.17,83.4,5.0,859,22286,0.77,0.15,0.66,0.09,0.09,72.2,1.20,1.18
yuurih,18758,44.6,15814,1.19,84.2,4.9,951,24788,0.76,0.15,0.64,0.09,0.11,73.3,1.15,1.18
liTTle,9317,27.7,7766,1.20,78.5,2.6,457,12154,0.77,0.10,0.64,0.07,0.09,71.4,1.22,1.12
INS,17383,42.5,14893,1.17,85.5,8.4,904,22952,0.76,0.17,0.65,0.10,0.09,72.1,1.25,1.19
chelleos,10644,32.0,9314,1.14,83.8,4.0,530,13687,0.78,0.13,0.68,0.10,0.09,69.4,1.38,1.19
kNgV-,16548,32.7,14142,1.17,78.5,2.1,827,21606,0.77,0.10,0.65,0.08,0.09,70.1,1.22,1.12
ropz,20627,52.0,17170,1.20,78.9,2.5,1054,27819,0.74,0.11,0.62,0.07,0.09,72.5,1.10,1.15
xsepower,22918,24.9,18453,1.24,72.8,2.1,1180,31677,0.72,0.08,0.58,0.07,0.08,71.3,1.20,1.16
Jamppi,10302,31.8,8894,1.16,78.2,2.8,503,13449,0.77,0.10,0.66,0.08,0.09,69.8,1.28,1.15
wrath,10634,50.1,9395,1.13,83.9,3.5,525,13568,0.78,0.14,0.69,0.11,0.14,72.2,1.21,1.12
NEOFRAG,11858,48.6,10440,1.14,86.8,8.6,580,15530,0.76,0.16,0.67,0.09,0.12,71.7,1.26,1.19
Twistzz,25038,62.4,21252,1.18,76.9,3.3,1300,34073,0.73,0.11,0.62,0.10,0.12,73.8,1.08,1.11
PTC,9304,36.1,7896,1.18,76.9,2.0,476,12393,0.75,0.10,0.64,0.08,0.09,71.2,1.19,1.14
GuardiaN,30375,29.6,25564,1.19,71.9,2.8,1568,41069,0.74,0.11,0.62,0.08,0.09,69.8,1.10,1.11
splashske,14145,38.4,12334,1.15,78.5,3.5,722,18651,0.76,0.11,0.66,0.09,0.09,70.2,1.25,1.11
zorte,12625,36.9,10517,1.20,74.9,2.7,646,17217,0.73,0.09,0.61,0.09,0.11,72.4,1.16,1.15
oSee,19939,31.8,16746,1.19,76.9,2.9,1031,26770,0.74,0.11,0.63,0.11,0.13,73.1,1.14,1.15
CeRq,22183,27.9,18765,1.18,74.4,2.3,1160,30117,0.74,0.10,0.62,0.10,0.11,72.3,1.17,1.14
poizon,20839,33.6,17942,1.16,78.3,3.8,1062,28152,0.74,0.12,0.64,0.09,0.10,70.8,1.21,1.15
Brehze,22316,52.1,19566,1.14,80.6,2.5,1125,29299,0.76,0.12,0.67,0.10,0.12,72.1,1.15,1.11
ottoNd,16345,26.9,13799,1.18,76.3,3.3,837,22116,0.74,0.11,0.62,0.09,0.11,71.5,1.17,1.15
f0rest,40395,51.7,34695,1.16,76.5,3.7,2056,53433,0.76,0.12,0.65,0.09,0.10,70.6,1.07,1.11
Infinite,15725,50.8,13716,1.15,81.1,4.8,807,21069,0.75,0.14,0.65,0.10,0.11,72.6,1.18,1.16
FREDDyFROG,23641,40.3,20056,1.18,80.3,3.9,1202,32041,0.74,0.14,0.63,0.09,0.11,73.4,1.12,1.11
TenZ,7931,51.3,7092,1.12,82.4,3.2,401,10399,0.76,0.14,0.68,0.10,0.12,71.5,1.21,1.15
Olivia,12279,37.0,10714,1.15,78.5,2.4,634,16189,0.76,0.11,0.66,0.08,0.09,70.6,1.19,1.13
HEN1,19092,28.6,15669,1.22,74.8,3.8,1037,26952,0.71,0.12,0.58,0.08,0.09,73.0,1.09,1.10
mertz,19077,32.5,16483,1.16,77.4,2.4,955,25333,0.75,0.10,0.65,0.10,0.10,70.4,1.22,1.10
WARDELL,11627,27.2,9979,1.17,74.2,2.1,609,15901,0.73,0.10,0.63,0.09,0.10,70.9,1.19,1.13
ekul,8714,36.8,7735,1.13,80.2,2.9,442,11431,0.76,0.11,0.68,0.08,0.09,68.6,1.29,1.15
swag,10527,49.5,8898,1.18,77.6,4.7,556,14447,0.73,0.14,0.62,0.08,0.09,72.9,1.09,1.10
mir,19402,52.2,16868,1.15,81.3,5.0,980,25665,0.76,0.13,0.66,0.10,0.12,72.0,1.19,1.10
hades,9724,29.9,8235,1.18,74.7,2.3,489,13146,0.74,0.09,0.63,0.07,0.08,70.8,1.13,1.13
dexter,17742,48.7,15611,1.14,81.9,5.2,921,23653,0.75,0.14,0.66,0.09,0.10,71.7,1.20,1.10
Calyx,19558,56.7,16806,1.16,78.1,3.6,1022,26631,0.73,0.12,0.63,0.09,0.10,72.7,1.09,1.10
aliStair,18857,35.2,16126,1.17,76.3,3.4,1015,25808,0.73,0.12,0.62,0.09,0.08,71.3,1.21,1.15
Ax1Le,17332,49.1,14945,1.16,80.2,5.1,898,23825,0.73,0.14,0.63,0.09,0.10,72.3,1.15,1.15
h4rn,9708,29.2,8211,1.18,73.9,3.3,507,13498,0.72,0.10,0.61,0.09,0.09,71.8,1.11,1.13
xccurate,13236,31.2,11509,1.15,74.3,1.9,693,17966,0.74,0.10,0.64,0.10,0.10,71.1,1.14,1.10
moose,14503,44.1,12528,1.16,79.2,2.0,752,19559,0.74,0.12,0.64,0.08,0.09,71.5,1.12,1.14
Farlig,12571,33.4,10842,1.16,72.9,2.3,644,17189,0.73,0.09,0.63,0.09,0.10,70.1,1.15,1.12
electroNic,24717,50.6,21723,1.14,83.0,4.5,1255,33088,0.75,0.14,0.66,0.09,0.10,71.9,1.19,1.10
nawwk,15664,35.7,13321,1.18,73.5,2.8,799,21330,0.73,0.10,0.62,0.09,0.11,71.6,1.09,1.12
allu,31189,28.6,26876,1.16,75.0,3.7,1607,42077,0.74,0.11,0.64,0.08,0.09,69.9,1.13,1.09
mixwell,16275,38.1,14364,1.13,79.5,5.7,840,21804,0.75,0.13,0.66,0.10,0.10,71.2,1.22,1.09
PwnAlone,15869,32.0,13756,1.15,76.3,3.3,834,21787,0.73,0.12,0.63,0.09,0.10,71.9,1.17,1.14
dumau,7672,41.3,6534,1.17,79.2,4.6,393,10480,0.73,0.13,0.62,0.08,0.11,72.8,1.11,1.15
lollipop21k,23118,49.2,20619,1.12,82.2,3.7,1146,30677,0.75,0.13,0.67,0.09,0.10,72.2,1.13,1.14
HaZR,14163,55.9,12782,1.11,81.5,4.4,736,18825,0.75,0.14,0.68,0.11,0.11,71.8,1.20,1.15
cynic,11072,41.0,9633,1.15,81.0,5.4,574,14873,0.74,0.14,0.65,0.10,0.12,73.3,1.08,1.14
syrsoN,32099,29.7,27738,1.16,74.4,2.4,1655,43877,0.73,0.10,0.63,0.08,0.09,70.0,1.20,1.09
GeT_RiGhT,33271,49.3,28973,1.15,76.6,4.4,1745,45030,0.74,0.15,0.64,0.09,0.08,68.9,1.03,1.09
floppy,14755,49.4,13126,1.12,81.5,3.1,755,19833,0.74,0.14,0.66,0.11,0.14,73.3,1.14,1.15
JUGi,17527,27.8,14851,1.18,74.1,2.4,940,24427,0.72,0.10,0.61,0.08,0.10,72.0,1.13,1.09
Cooper,14041,32.2,12131,1.16,73.9,2.1,737,19116,0.73,0.09,0.63,0.09,0.10,71.2,1.13,1.12
Sonic,17758,46.6,15541,1.14,78.5,4.3,940,24238,0.73,0.13,0.64,0.11,0.12,72.4,1.14,1.09
zehN,20665,46.0,18281,1.13,80.3,7.7,1073,28305,0.73,0.14,0.65,0.08,0.09,71.6,1.10,1.09
ZOREE,31695,32.2,27259,1.16,73.7,3.7,1653,43900,0.72,0.10,0.62,0.08,0.10,70.7,1.11,1.09
dennyslaw,20401,31.7,17805,1.15,75.3,2.9,1033,27789,0.73,0.10,0.64,0.08,0.10,70.8,1.15,1.12
gas,8850,60.3,8155,1.09,82.3,2.1,435,11363,0.78,0.12,0.72,0.09,0.12,69.2,1.18,1.12
ryx,9797,36.3,8616,1.14,83.7,3.6,491,12856,0.76,0.16,0.67,0.09,0.12,72.7,1.11,1.09
BL1TZ,13957,43.0,12329,1.13,75.2,2.4,732,18819,0.74,0.10,0.66,0.08,0.09,69.2,1.15,1.10
biguzera,9762,51.9,8490,1.15,80.6,5.2,506,13472,0.72,0.15,0.63,0.10,0.10,72.9,1.13,1.15
ScreaM,27501,68.1,24396,1.13,79.1,3.3,1430,37087,0.74,0.12,0.66,0.10,0.11,71.1,1.11,1.09
faveN,25498,54.4,22473,1.13,78.8,3.3,1292,34464,0.74,0.12,0.65,0.10,0.12,72.3,1.13,1.14
nython,8165,39.0,7187,1.14,76.9,2.2,408,10895,0.75,0.11,0.66,0.10,0.10,71.0,1.18,1.13
junior,7971,29.3,6723,1.19,71.7,2.2,427,11174,0.71,0.09,0.60,0.08,0.10,71.5,1.09,1.11
NAF,28739,41.9,24944,1.15,81.3,5.7,1507,39562,0.73,0.16,0.63,0.10,0.11,73.2,1.10,1.09
dupreeh,36047,50.6,31689,1.14,77.6,3.2,1882,48983,0.74,0.14,0.65,0.09,0.09,71.6,1.15,1.09
valde,23890,46.8,21065,1.13,80.1,4.9,1223,32478,0.74,0.13,0.65,0.10,0.10,72.5,1.10,1.09
mezii,9057,49.5,7916,1.14,80.4,5.4,460,12514,0.72,0.14,0.63,0.09,0.12,73.5,1.08,1.14
nex,21063,51.5,18628,1.13,78.8,4.7,1074,28389,0.74,0.15,0.66,0.10,0.12,72.2,1.04,1.09
Attacker,23336,46.5,20684,1.13,79.6,2.3,1212,31160,0.75,0.14,0.66,0.11,0.12,73.1,1.13,1.09
Magisk,25488,47.5,22277,1.14,79.9,5.7,1340,35255,0.72,0.15,0.63,0.09,0.10,72.8,1.12,1.09
EliGE,30570,49.1,27704,1.10,83.5,4.1,1546,40514,0.75,0.15,0.68,0.10,0.12,71.2,1.24,1.08
k0nfig,29389,55.8,26959,1.09,81.1,2.8,1475,39014,0.75,0.13,0.69,0.10,0.10,69.8,1.20,1.08
Machinegun,7954,49.9,7277,1.09,81.4,3.1,410,10450,0.76,0.13,0.70,0.08,0.09,68.7,1.19,1.08
nukkye,11227,39.2,9897,1.13,78.3,2.6,592,15492,0.72,0.12,0.64,0.08,0.09,71.4,1.11,1.12
Summer,23036,48.8,20204,1.14,80.2,5.6,1219,31382,0.73,0.14,0.64,0.09,0.09,72.9,1.11,1.08
exit,11653,45.2,10019,1.16,78.3,4.8,634,16251,0.72,0.13,0.62,0.10,0.12,73.8,1.03,1.13
Hatz,16655,50.9,14615,1.14,77.8,5.0,905,23063,0.72,0.14,0.63,0.10,0.11,73.2,1.15,1.14
fer,26474,45.0,23891,1.11,83.0,4.9,1352,35255,0.75,0.15,0.68,0.09,0.08,71.3,1.22,1.08
Savage,15647,37.0,13721,1.14,78.2,5.5,836,21434,0.73,0.13,0.64,0.09,0.09,71.2,1.15,1.08
DJOXiC,9002,29.8,7798,1.15,73.0,2.9,489,12531,0.72,0.10,0.62,0.09,0.10,70.6,1.16,1.08
Detrony,7633,34.7,6771,1.13,77.4,4.4,412,10449,0.73,0.13,0.65,0.10,0.09,71.2,1.17,1.08
felps,19385,43.8,17781,1.09,84.6,3.5,992,25410,0.76,0.16,0.70,0.10,0.09,70.5,1.26,1.08
keev,11408,29.1,10191,1.12,73.6,2.8,594,15524,0.73,0.09,0.66,0.08,0.08,68.0,1.21,1.08
sergej,14855,48.2,13039,1.14,79.3,4.0,776,20425,0.73,0.14,0.64,0.10,0.11,72.3,1.12,1.13
FL1T,23559,47.0,20814,1.13,80.4,4.2,1191,32109,0.73,0.13,0.65,0.09,0.11,72.3,1.07,1.13
draken,20412,31.0,17833,1.14,74.5,2.1,1073,28320,0.72,0.10,0.63,0.08,0.08,70.1,1.17,1.08
ShahZaM,18509,34.0,16451,1.13,74.8,2.4,966,25252,0.73,0.10,0.65,0.09,0.10,70.0,1.16,1.08
Impulse,13706,35.8,12163,1.13,76.2,3.7,715,18983,0.72,0.12,0.64,0.10,0.11,71.3,1.12,1.12
meyern,7806,54.2,7082,1.10,77.2,3.4,411,10666,0.73,0.11,0.66,0.10,0.13,71.3,1.13,1.11
jayzaR,10382,36.3,9429,1.10,79.1,3.5,525,13870,0.75,0.12,0.68,0.09,0.10,70.0,1.21,1.08
ptr,20760,26.0,17994,1.15,73.5,3.4,1120,29335,0.71,0.11,0.61,0.09,0.10,71.5,1.12,1.08
MICHU,32870,50.5,29916,1.10,80.3,3.7,1678,43995,0.75,0.13,0.68,0.09,0.10,70.5,1.16,1.08
autimatic,21931,44.2,19658,1.12,79.6,3.8,1127,29442,0.74,0.13,0.67,0.10,0.10,71.6,1.12,1.08
trk,14199,48.2,12729,1.12,80.0,5.0,741,19405,0.73,0.15,0.66,0.12,0.13,73.9,1.13,1.15
hAdji,21293,49.0,19112,1.11,80.0,4.1,1100,28988,0.73,0.13,0.66,0.10,0.12,72.3,1.11,1.08
slaxz-,15629,29.5,13697,1.14,72.9,3.1,815,22023,0.71,0.10,0.62,0.09,0.09,71.0,1.14,1.11
YEKINDAR,20959,59.3,19512,1.07,82.9,3.9,1055,27993,0.75,0.13,0.70,0.09,0.09,68.7,1.29,1.14
shox,37833,48.9,33965,1.11,75.7,2.9,1963,51510,0.73,0.12,0.66,0.08,0.08,69.6,1.09,1.07
Rickeh,17401,37.6,15076,1.15,77.3,5.2,938,24573,0.71,0.13,0.61,0.08,0.09,72.7,1.14,1.07
pz,7087,29.7,6292,1.13,75.5,5.3,380,9935,0.71,0.11,0.63,0.10,0.09,70.5,1.15,1.12
hallzerk,14195,34.3,12780,1.11,74.2,3.0,719,19546,0.73,0.10,0.65,0.10,0.11,70.0,1.16,1.10
dapr,11313,44.1,10311,1.10,80.8,6.4,594,15426,0.73,0.15,0.67,0.10,0.11,71.3,1.16,1.13
NaToSaphiX,17805,36.8,15366,1.16,71.9,3.2,948,25338,0.70,0.10,0.61,0.09,0.10,72.5,1.06,1.07
InfrequeNt,8755,33.9,7811,1.12,76.4,4.2,467,12046,0.73,0.12,0.65,0.09,0.10,70.3,1.19,1.07
dycha,13760,54.3,12617,1.09,81.5,4.6,700,18770,0.73,0.14,0.67,0.09,0.09,70.4,1.17,1.13
CRUC1AL,26706,29.0,23913,1.12,74.0,2.6,1408,36905,0.72,0.10,0.65,0.10,0.11,70.1,1.16,1.07
NikoM,8720,46.2,7860,1.11,80.0,4.5,464,11903,0.73,0.15,0.66,0.10,0.11,72.2,1.09,1.07
Ryxxo,15209,32.8,13459,1.13,75.8,6.1,811,21294,0.71,0.12,0.63,0.09,0.10,71.4,1.12,1.07
hardzao,10825,47.1,9463,1.14,75.1,4.5,586,15383,0.70,0.12,0.62,0.10,0.10,73.1,1.05,1.11
jks,21654,52.8,19320,1.12,77.7,5.4,1176,30694,0.71,0.13,0.63,0.09,0.11,72.1,1.05,1.07
smike,9299,33.1,8644,1.08,75.6,1.4,480,12461,0.75,0.10,0.69,0.09,0.08,67.0,1.24,1.07
iDISBALANCE,15865,26.9,13888,1.14,73.9,2.5,840,22245,0.71,0.10,0.62,0.09,0.09,71.7,1.13,1.12
NikkeZ,7426,46.7,6839,1.09,83.0,4.4,383,9886,0.75,0.15,0.69,0.09,0.10,70.1,1.15,1.07
fejtZ,14344,46.0,13022,1.10,77.1,3.6,733,19457,0.74,0.12,0.67,0.10,0.13,72.0,1.09,1.07
xand,9681,50.2,8806,1.10,80.4,4.7,515,13210,0.73,0.14,0.67,0.10,0.10,71.7,1.12,1.07
paz,20217,51.2,18219,1.11,76.2,2.4,1068,27990,0.72,0.12,0.65,0.10,0.10,71.5,1.08,1.07
Liazz,16918,45.9,14972,1.13,78.2,4.6,936,24181,0.70,0.15,0.62,0.10,0.11,73.7,1.07,1.07
nicoodoz,11891,31.4,10393,1.14,71.1,3.1,624,16865,0.71,0.08,0.62,0.09,0.10,70.8,1.06,1.09
QKA,7642,40.3,6935,1.10,75.9,1.6,399,10332,0.74,0.10,0.67,0.08,0.09,69.5,1.16,1.10
fame,8752,57.8,7959,1.10,78.5,3.2,446,11945,0.73,0.11,0.67,0.08,0.11,70.7,1.16,1.12
EspiranTo,16973,59.9,15656,1.08,77.3,3.2,870,22795,0.74,0.11,0.69,0.10,0.10,70.3,1.16,1.11
boltz,22696,39.5,20182,1.12,82.2,8.8,1220,31742,0.72,0.17,0.64,0.08,0.09,72.2,1.09,1.07
WorldEdit,25226,28.0,22750,1.11,75.0,2.6,1328,34716,0.73,0.12,0.66,0.08,0.08,69.0,1.15,1.07
HObbit,21540,46.6,19378,1.11,80.2,5.6,1125,29679,0.73,0.15,0.65,0.08,0.09,71.5,1.13,1.07
shz,14620,51.2,13158,1.11,77.2,3.2,785,20350,0.72,0.13,0.65,0.10,0.11,71.8,1.05,1.10
somebody,23702,45.8,21561,1.10,79.9,3.5,1253,32437,0.73,0.13,0.66,0.10,0.09,71.6,1.16,1.07
shroud,12588,52.9,11277,1.12,76.1,3.9,676,17460,0.72,0.14,0.65,0.09,0.11,71.5,1.04,1.07
Pimp,18116,46.6,16100,1.13,78.3,3.9,976,25052,0.72,0.14,0.64,0.10,0.11,70.8,1.05,1.07
anarkez,12020,30.8,10856,1.11,73.3,2.3,624,16693,0.72,0.09,0.65,0.09,0.08,69.3,1.18,1.10
FalleN,27203,30.8,23674,1.15,71.8,3.5,1499,39201,0.69,0.11,0.60,0.08,0.08,71.8,1.08,1.07
Brollan,18465,52.5,16993,1.09,79.0,4.7,953,25344,0.73,0.13,0.67,0.09,0.10,70.6,1.17,1.12
DD,17323,41.9,15796,1.10,81.5,3.1,910,23543,0.74,0.16,0.67,0.11,0.10,72.8,1.13,1.07
snatchie,28990,29.3,26629,1.09,72.4,1.6,1495,40123,0.72,0.09,0.66,0.08,0.09,68.7,1.15,1.06
zhokiNg,22786,50.9,21316,1.07,84.0,3.8,1185,30249,0.75,0.17,0.70,0.12,0.10,72.7,1.28,1.06
ofnu,15793,48.9,14413,1.10,79.7,5.2,852,21778,0.73,0.15,0.66,0.10,0.10,71.4,1.11,1.06
AnJ,7530,50.7,6767,1.11,77.2,3.8,403,10503,0.72,0.12,0.64,0.09,0.12,71.7,1.09,1.06
Ethan,18853,49.4,17365,1.09,81.4,4.3,986,25998,0.73,0.15,0.67,0.11,0.11,72.1,1.18,1.14
tucks,12457,44.0,11176,1.11,76.3,4.0,689,17415,0.72,0.13,0.64,0.09,0.09,71.5,1.12,1.06
b4rtiN,8837,55.7,7980,1.11,75.1,3.7,473,12431,0.71,0.12,0.64,0.10,0.11,73.0,1.07,1.11
Happy,28022,41.2,25277,1.11,77.5,2.7,1464,37933,0.74,0.12,0.67,0.06,0.07,67.8,1.00,1.06
acoR,19475,38.1,17493,1.11,73.2,3.7,1057,27637,0.70,0.10,0.63,0.09,0.10,69.9,1.10,1.06
koosta,18087,37.4,16737,1.08,76.4,3.6,951,25077,0.72,0.12,0.67,0.09,0.10,69.5,1.13,1.06
COLDYY1,17902,55.1,16184,1.11,77.5,3.9,947,24917,0.72,0.13,0.65,0.09,0.11,71.5,1.07,1.06
b1t,7390,68.8,6650,1.11,76.1,4.4,396,10489,0.70,0.11,0.63,0.09,0.10,72.0,1.12,1.12
malbsMd,9482,62.9,9106,1.04,80.6,4.8,493,12557,0.76,0.12,0.73,0.11,0.11,68.9,1.20,1.10
broky,11413,39.2,10107,1.13,72.6,3.5,620,16499,0.69,0.10,0.61,0.10,0.11,72.3,1.00,1.09
chelo,14919,61.3,13724,1.09,77.8,3.5,810,20915,0.71,0.13,0.66,0.10,0.10,71.8,1.14,1.06
pancc,10776,53.6,10008,1.08,79.7,5.0,566,14889,0.72,0.14,0.67,0.09,0.10,70.3,1.15,1.11
SHiPZ,30636,50.3,28674,1.07,79.3,3.6,1557,41466,0.74,0.13,0.69,0.10,0.10,70.4,1.14,1.10
Skadoodle,18365,24.8,15907,1.15,67.5,2.7,1047,27129,0.68,0.11,0.59,0.09,0.09,73.1,0.95,1.06
Valiance,11056,52.3,10066,1.10,76.1,3.6,610,15757,0.70,0.14,0.64,0.10,0.11,72.4,1.05,1.10
flying,7505,50.5,6987,1.07,79.1,3.7,381,10193,0.74,0.12,0.69,0.09,0.10,70.8,1.08,1.09
SLOWLY,9491,59.6,8856,1.07,79.3,2.8,491,13014,0.73,0.13,0.68,0.10,0.11,71.8,1.14,1.12
roeJ,15601,55.9,14450,1.08,83.1,4.3,794,21040,0.74,0.15,0.69,0.11,0.11,71.8,1.20,1.15
Sobol,14074,52.1,12974,1.08,78.4,4.3,722,19553,0.72,0.13,0.66,0.08,0.08,70.7,1.07,1.09
suNny,25436,47.4,23829,1.07,80.7,4.9,1310,34532,0.74,0.14,0.69,0.09,0.09,70.0,1.14,1.06
Maka,21559,36.1,19563,1.10,74.7,4.6,1147,30452,0.71,0.11,0.64,0.09,0.08,69.8,1.15,1.10
TOR,8271,28.9,7614,1.09,77.0,2.9,452,11472,0.72,0.12,0.66,0.08,0.09,68.9,1.14,1.06
olofmeister,29037,46.6,26340,1.10,72.8,4.4,1559,40766,0.71,0.13,0.65,0.09,0.08,69.3,1.01,1.06
nexa,22684,51.0,20515,1.11,76.5,4.4,1224,32388,0.70,0.13,0.63,0.10,0.11,73.3,1.02,1.06
Gratisfaction,16191,31.9,14502,1.12,73.2,3.3,897,23347,0.69,0.12,0.62,0.10,0.10,70.8,1.14,1.05
REDSTAR,11529,48.3,10386,1.11,75.1,4.3,614,16301,0.71,0.12,0.64,0.10,0.10,71.6,1.08,1.10
sdy,18700,50.7,16837,1.11,77.1,4.2,1020,26754,0.70,0.13,0.63,0.10,0.11,72.6,1.04,1.11
KEi,12569,46.4,11930,1.05,82.9,4.8,629,16936,0.74,0.15,0.70,0.09,0.09,69.7,1.22,1.12
rallen,33466,43.0,30499,1.10,82.0,7.4,1741,46484,0.72,0.16,0.66,0.09,0.09,71.3,1.12,1.05
ISSAA,16229,55.5,14827,1.09,75.7,3.6,870,22834,0.71,0.12,0.65,0.10,0.11,72.1,1.06,1.05
tabseN,36194,48.8,34674,1.04,84.8,8.1,1873,49387,0.73,0.16,0.70,0.09,0.09,69.5,1.23,1.05
bottle,14262,56.8,13414,1.06,79.5,3.6,756,19492,0.73,0.14,0.69,0.10,0.10,71.0,1.11,1.05
Ramz1kBO$$,8110,33.8,7557,1.07,75.9,1.5,425,11070,0.73,0.10,0.68,0.07,0.08,67.2,1.20,1.09
HZ,9305,49.4,8614,1.08,81.7,3.8,500,12856,0.72,0.17,0.67,0.13,0.12,73.8,1.14,1.05
cajunb,31980,41.0,29096,1.10,73.5,3.1,1745,45680,0.70,0.12,0.64,0.09,0.10,70.1,1.02,1.05
Qikert,22518,56.4,20506,1.10,77.7,4.7,1211,31973,0.70,0.13,0.64,0.10,0.10,72.1,1.09,1.11
mou,28048,28.0,25564,1.10,73.9,4.0,1489,39475,0.71,0.11,0.65,0.08,0.09,69.7,1.13,1.05
KRIMZ,32244,40.7,29234,1.10,76.5,4.2,1745,45913,0.70,0.15,0.64,0.09,0.10,71.3,1.01,1.05
JW,36334,36.7,33930,1.07,75.8,4.0,1899,49846,0.73,0.14,0.68,0.08,0.08,67.6,1.15,1.05
TeSeS,14760,55.4,13788,1.07,78.4,4.5,768,20547,0.72,0.13,0.67,0.10,0.12,71.2,1.12,1.10
Rainwaker,18614,42.9,16989,1.10,77.3,4.5,989,26676,0.70,0.13,0.64,0.08,0.10,72.4,1.05,1.10
juanflatroo,10196,57.1,9825,1.04,82.9,5.3,504,13455,0.76,0.13,0.73,0.09,0.10,68.6,1.18,1.10
refrezh,17377,49.5,16017,1.08,75.4,3.3,922,24578,0.71,0.11,0.65,0.10,0.10,71.6,1.06,1.09
Grim,15731,48.1,15010,1.05,78.0,3.6,834,21955,0.72,0.14,0.68,0.12,0.13,71.6,1.11,1.10
yay,12452,46.7,11848,1.05,77.6,3.4,653,17182,0.72,0.13,0.69,0.10,0.11,69.9,1.16,1.05
Aerial,17607,41.5,16391,1.07,78.6,2.7,925,24543,0.72,0.15,0.67,0.11,0.11,72.5,1.13,1.11
WolfY,9122,35.0,8185,1.11,71.8,3.1,494,13078,0.70,0.10,0.63,0.10,0.11,71.6,1.07,1.09
SicK,15002,49.8,13962,1.07,77.7,2.6,795,20701,0.72,0.13,0.67,0.10,0.12,71.9,1.11,1.05
Bwills,12885,51.5,11965,1.08,78.7,6.2,700,18078,0.71,0.15,0.66,0.12,0.14,72.8,1.06,1.11
flusha,34156,42.1,31428,1.09,81.4,9.1,1837,48146,0.71,0.17,0.65,0.09,0.08,70.2,1.06,1.05
NEEX,8076,31.3,7502,1.08,71.5,1.6,429,11195,0.72,0.09,0.67,0.08,0.10,68.2,1.09,1.05
zeph,9663,50.0,9201,1.05,80.3,3.9,516,13136,0.74,0.14,0.70,0.10,0.10,69.3,1.20,1.11
loWel,18549,47.5,16810,1.10,75.8,4.5,1008,26413,0.70,0.13,0.64,0.09,0.11,73.1,0.97,1.05
iM,14058,49.2,13400,1.05,82.1,3.7,711,19092,0.74,0.13,0.70,0.09,0.09,69.7,1.17,1.11
Flarich,19389,55.2,17588,1.10,74.1,3.7,1058,28161,0.69,0.11,0.62,0.08,0.10,71.6,0.98,1.07
raafa,11650,27.4,10558,1.10,72.4,3.7,640,16832,0.69,0.11,0.63,0.07,0.08,69.1,1.08,1.07
Zellsis,11657,46.4,10854,1.07,79.2,4.8,626,16210,0.72,0.15,0.67,0.10,0.11,71.5,1.11,1.11
rommi,9899,50.8,9295,1.06,81.1,3.7,516,13467,0.74,0.14,0.69,0.08,0.10,69.7,1.05,1.05
cadiaN,25984,27.7,23558,1.10,73.5,4.6,1412,37330,0.70,0.11,0.63,0.09,0.08,70.4,1.12,1.05
MarKE,16738,53.1,15379,1.09,79.0,5.2,925,23802,0.70,0.15,0.65,0.11,0.12,72.9,1.10,1.12
n0rb3r7,19390,50.8,18555,1.05,79.9,4.1,1004,26877,0.72,0.13,0.69,0.08,0.07,68.3,1.16,1.09
kabal,13822,46.0,12751,1.08,77.9,4.6,742,19456,0.71,0.13,0.66,0.08,0.09,71.0,1.06,1.09
afro,9133,35.9,8404,1.09,72.3,5.5,496,13220,0.69,0.11,0.64,0.09,0.09,69.9,1.11,1.08
DavCost,22765,32.4,20921,1.09,73.9,3.2,1230,32421,0.70,0.12,0.65,0.09,0.09,69.8,1.09,1.04
stavn,20462,43.2,19203,1.07,80.9,4.0,1057,28194,0.73,0.14,0.68,0.10,0.10,70.5,1.14,1.11
Kjaerbye,28410,52.9,26300,1.08,78.6,3.9,1519,39947,0.71,0.14,0.66,0.09,0.10,70.1,1.10,1.04
motm,15832,51.5,14947,1.06,75.9,2.9,832,21934,0.72,0.11,0.68,0.11,0.12,70.8,1.10,1.09
aumaN,15613,41.7,14419,1.08,81.1,5.8,856,21958,0.71,0.16,0.66,0.08,0.08,71.2,1.11,1.04
fnx,11067,49.9,10215,1.08,81.0,6.0,605,15482,0.71,0.16,0.66,0.09,0.09,72.1,1.09,1.04
KHTEX,10823,45.5,9900,1.09,75.5,4.3,598,15414,0.70,0.13,0.64,0.09,0.11,71.8,1.05,1.09
Marcelious,8629,31.1,8072,1.07,73.7,3.1,451,12207,0.71,0.10,0.66,0.10,0.11,69.2,1.09,1.07
malta,16643,39.5,15316,1.09,77.0,3.6,943,24008,0.69,0.15,0.64,0.09,0.08,71.9,1.08,1.10
zewsy,11142,41.0,10475,1.06,79.0,3.4,618,15666,0.71,0.16,0.67,0.11,0.10,72.0,1.11,1.04
STOMP,15139,26.1,13810,1.10,73.3,3.9,809,21729,0.70,0.11,0.64,0.08,0.09,69.7,1.11,1.09
twist,30970,41.2,29139,1.06,77.1,4.9,1641,43418,0.71,0.14,0.67,0.09,0.09,69.8,1.10,1.04
buster,21979,48.0,19929,1.10,73.8,3.5,1217,32117,0.68,0.12,0.62,0.08,0.09,72.1,1.04,1.09
Maden,11460,52.0,11024,1.04,80.4,5.4,587,15640,0.73,0.14,0.70,0.09,0.10,68.7,1.19,1.09
Snakes,7287,43.3,6826,1.07,77.3,4.5,403,10328,0.71,0.13,0.66,0.11,0.10,71.4,1.06,1.09
Hiko,16611,53.9,15079,1.10,71.6,5.0,937,24398,0.68,0.14,0.62,0.10,0.11,71.8,0.90,1.04
Snax,39043,36.5,36237,1.08,74.8,4.4,2100,55397,0.70,0.13,0.65,0.08,0.08,69.0,1.07,1.04
Geniuss,7345,56.4,7036,1.04,78.5,3.3,398,10155,0.72,0.13,0.69,0.11,0.11,71.6,1.17,1.11
Lucky,8079,40.5,7409,1.09,70.8,2.8,434,11721,0.69,0.09,0.63,0.09,0.10,69.7,1.05,1.07
HSK,9678,31.1,8833,1.10,75.2,4.5,540,13851,0.70,0.14,0.64,0.12,0.12,72.5,1.09,1.04
eraa,9677,32.8,9047,1.07,73.7,3.3,501,13613,0.71,0.10,0.66,0.09,0.09,68.7,1.09,1.06
jkaem,23532,51.7,22518,1.05,79.8,3.6,1224,32291,0.73,0.14,0.70,0.11,0.11,70.4,1.16,1.04
Kntz,8750,47.3,8114,1.08,76.0,2.7,479,12317,0.71,0.12,0.66,0.10,0.11,72.2,0.99,1.08
Bubzkji,15534,50.8,14571,1.07,80.4,5.4,817,21619,0.72,0.14,0.67,0.09,0.10,70.0,1.11,1.04
Lucky,20840,41.6,19320,1.08,77.2,6.5,1129,30121,0.69,0.14,0.64,0.10,0.10,71.6,1.06,1.10
imoRR,10902,50.8,10663,1.02,80.6,4.3,559,14904,0.73,0.13,0.72,0.10,0.09,68.6,1.28,1.11
ANDROID,15394,50.7,14358,1.07,75.7,3.0,835,21741,0.71,0.13,0.66,0.10,0.12,71.2,1.02,1.04
JUST,14654,55.5,13815,1.06,75.7,5.4,802,21108,0.69,0.13,0.65,0.10,0.11,71.9,1.04,1.04
LOVEYY,12939,52.0,12240,1.06,78.0,3.5,708,17977,0.72,0.15,0.68,0.11,0.11,70.7,1.11,1.04
land1n,13113,31.1,11917,1.10,69.8,2.3,744,19462,0.67,0.11,0.61,0.08,0.09,70.6,1.06,1.04
Davidp,14255,39.7,13246,1.08,77.9,7.6,774,20539,0.69,0.14,0.64,0.07,0.08,69.9,1.07,1.03
tb,11088,49.9,10380,1.07,76.7,3.5,619,15737,0.70,0.15,0.66,0.11,0.11,71.9,1.05,1.03
sjuush,13869,52.9,12962,1.07,75.9,3.8,762,20164,0.69,0.13,0.64,0.10,0.11,72.2,1.04,1.09
dEE,8169,33.5,7618,1.07,72.7,2.9,439,11583,0.71,0.10,0.66,0.09,0.10,69.9,1.07,1.07
tarik,26620,37.8,25304,1.05,76.8,2.9,1438,37326,0.71,0.14,0.68,0.11,0.10,70.8,1.11,1.03
DiMKE,10906,46.9,10378,1.05,79.5,4.2,584,15333,0.71,0.15,0.68,0.11,0.13,71.8,1.08,1.03
dobu,14026,54.5,13392,1.05,79.9,3.3,749,19603,0.72,0.15,0.68,0.10,0.10,71.1,1.14,1.03
max,9344,45.8,8756,1.07,78.8,4.0,503,13274,0.70,0.14,0.66,0.11,0.10,71.6,1.09,1.11
rAge,6850,31.8,6166,1.11,71.2,4.5,382,10184,0.67,0.10,0.61,0.07,0.09,70.3,1.03,1.07
USTILO,20186,46.1,19311,1.05,77.6,3.2,1108,28614,0.71,0.14,0.67,0.10,0.10,70.8,1.12,1.03
NK4Y,8697,62.1,8268,1.05,76.3,3.6,480,12325,0.71,0.14,0.67,0.10,0.11,70.8,1.03,1.07
Subroza,11748,48.4,11373,1.03,80.7,5.2,623,16275,0.72,0.15,0.70,0.09,0.09,69.3,1.19,1.10
JonY BoY,7530,34.8,7146,1.05,75.3,3.7,418,10732,0.70,0.11,0.67,0.08,0.09,68.4,1.16,1.03
FASHR,11774,49.3,11338,1.04,78.6,5.2,629,16560,0.71,0.15,0.68,0.11,0.12,71.4,1.13,1.10
cxzi,7426,37.6,7273,1.02,81.7,4.9,391,10124,0.73,0.14,0.72,0.10,0.08,68.8,1.19,1.10
juho,14492,45.7,14224,1.02,78.9,2.3,753,19812,0.73,0.14,0.72,0.10,0.09,68.3,1.19,1.03
captainMo,14852,40.1,14192,1.05,74.3,2.5,807,20783,0.71,0.12,0.68,0.10,0.10,70.1,1.10,1.03
yam,9755,34.6,9105,1.07,74.5,4.9,547,14003,0.70,0.13,0.65,0.09,0.09,70.1,1.15,1.03
alex,22611,45.7,21224,1.07,76.4,4.5,1228,32494,0.70,0.14,0.65,0.09,0.11,71.3,1.07,1.03
REZ,23871,49.5,22694,1.05,78.2,3.9,1291,34003,0.70,0.14,0.67,0.10,0.10,70.6,1.10,1.03
FaNg,11012,56.2,10448,1.05,77.0,4.0,593,15450,0.71,0.13,0.68,0.11,0.10,71.5,1.09,1.09
Relaxa,21399,30.1,19453,1.10,72.4,4.3,1198,31928,0.67,0.12,0.61,0.09,0.09,71.5,1.04,1.03
fleav,10431,40.7,10099,1.03,79.8,2.7,545,14342,0.73,0.13,0.70,0.09,0.10,68.9,1.11,1.08
znajder,19778,47.9,18708,1.06,76.8,4.3,1050,27577,0.72,0.15,0.68,0.10,0.10,69.9,1.05,1.03
DEV7L,9988,34.2,9406,1.06,72.4,2.7,549,14256,0.70,0.10,0.66,0.09,0.10,69.9,1.04,1.03
AiyvaN,12635,37.8,12043,1.05,74.2,3.2,694,18045,0.70,0.11,0.67,0.10,0.10,69.6,1.11,1.03
kressy,19929,48.0,18756,1.06,75.7,3.8,1077,28849,0.69,0.13,0.65,0.10,0.10,71.8,1.02,1.08
F1KU,10298,55.1,9954,1.03,77.8,5.0,542,14716,0.70,0.13,0.68,0.09,0.09,69.4,1.09,1.07
rain,28971,56.4,28129,1.03,80.0,3.5,1540,40722,0.71,0.15,0.69,0.10,0.09,69.9,1.16,1.03
phzy,7474,29.1,6917,1.08,71.5,2.4,412,11056,0.68,0.10,0.63,0.08,0.08,70.4,1.01,1.06
Patsi,8837,45.2,8566,1.03,78.6,3.7,466,12471,0.71,0.13,0.69,0.10,0.10,69.7,1.13,1.09
fl0m,11847,29.8,11222,1.06,74.2,3.5,640,16899,0.70,0.12,0.66,0.10,0.10,70.2,1.10,1.03
Patitek,7153,51.6,6975,1.03,80.0,3.2,377,9918,0.72,0.13,0.70,0.10,0.10,69.2,1.13,1.08
stfN,24410,46.5,23012,1.06,75.7,4.0,1324,35175,0.69,0.14,0.65,0.10,0.12,71.6,1.05,1.03
aizy,28791,50.4,27613,1.04,75.6,4.3,1563,41178,0.70,0.14,0.67,0.10,0.10,69.7,1.06,1.03
sLowi,20657,51.6,19768,1.04,76.5,4.7,1103,29639,0.70,0.14,0.67,0.09,0.09,69.0,1.12,1.03
shuadapai,9880,52.4,9388,1.05,76.0,3.5,549,14214,0.70,0.14,0.66,0.11,0.11,72.4,1.03,1.08
FrostMisty,6710,41.8,6299,1.07,79.0,2.8,376,9498,0.71,0.14,0.66,0.09,0.10,72.4,1.03,1.03
flamie,29184,54.4,27775,1.05,75.3,3.8,1581,41763,0.70,0.14,0.67,0.09,0.09,70.6,1.01,1.03
Maluk3,17462,29.3,16337,1.07,72.6,5.2,975,25269,0.69,0.11,0.65,0.09,0.09,69.9,1.09,1.08
RIKO,7573,52.7,7418,1.02,77.6,3.4,406,10568,0.72,0.13,0.70,0.10,0.11,69.6,1.07,1.06
dennis,29842,54.4,28702,1.04,76.5,4.0,1575,41834,0.71,0.12,0.69,0.09,0.10,69.3,1.06,1.03
food,8248,50.2,7868,1.05,77.2,3.9,456,11711,0.70,0.14,0.67,0.11,0.11,71.7,1.08,1.03
szejn,8993,51.7,8716,1.03,77.8,3.9,482,12887,0.70,0.13,0.68,0.09,0.09,69.7,1.07,1.07
TRAVIS,8608,54.6,8299,1.04,78.5,4.3,462,12328,0.70,0.14,0.67,0.10,0.08,71.0,1.13,1.10
pashaBiceps,29501,37.3,28482,1.04,72.5,4.2,1592,41228,0.72,0.13,0.69,0.08,0.08,66.8,1.06,1.02
niko,21970,49.5,20840,1.05,75.2,4.2,1201,31746,0.69,0.13,0.66,0.10,0.11,71.3,1.04,1.02
hoody,10871,49.6,10469,1.04,77.2,3.7,575,15453,0.70,0.13,0.68,0.09,0.10,69.7,1.09,1.07
CyberFocus,9080,29.7,8760,1.04,74.2,2.0,491,12779,0.71,0.11,0.69,0.08,0.08,68.3,1.16,1.02
kai,8814,35.3,8399,1.05,75.9,4.4,483,12692,0.69,0.14,0.66,0.09,0.11,71.5,1.01,1.07
JDC,7993,51.9,7686,1.04,76.9,2.9,434,11388,0.70,0.13,0.67,0.10,0.11,69.9,1.07,1.07
Krad,20250,48.9,19592,1.03,77.3,4.7,1095,29025,0.70,0.14,0.68,0.09,0.10,68.7,1.11,1.07
smiley,8418,28.7,7812,1.08,72.5,3.2,457,12351,0.68,0.10,0.63,0.08,0.09,69.5,1.08,1.07
kolor,10178,27.6,9863,1.03,73.5,2.1,549,14355,0.71,0.11,0.69,0.10,0.12,68.6,1.11,1.06
DeStiNy,18800,50.8,18305,1.03,78.7,3.2,1009,26187,0.72,0.14,0.70,0.11,0.10,70.5,1.18,1.02
AMANEK,18586,45.2,17373,1.07,74.7,4.6,1023,27484,0.68,0.13,0.63,0.09,0.09,71.7,1.01,1.02
Thomas,16405,41.7,15690,1.05,81.0,5.6,869,23076,0.71,0.17,0.68,0.11,0.11,72.8,1.10,1.11
Xyp9x,32723,41.7,30272,1.08,75.2,6.2,1897,49369,0.66,0.16,0.61,0.08,0.09,72.3,0.98,1.02
KENSI,8003,55.9,7467,1.07,73.3,4.7,438,11779,0.68,0.12,0.63,0.09,0.09,70.9,1.01,1.07
Forester,20667,53.9,19702,1.05,76.2,3.3,1127,29845,0.69,0.13,0.66,0.09,0.09,70.0,1.07,1.08
mouz,30506,50.1,28717,1.06,74.4,3.2,1666,44271,0.69,0.13,0.65,0.09,0.10,71.9,1.01,1.02
dragonfly,9094,25.1,8592,1.06,70.8,3.1,507,13234,0.69,0.09,0.65,0.09,0.08,67.6,1.13,1.06
NBK-,36942,53.7,35588,1.04,76.9,3.4,2038,53281,0.69,0.15,0.67,0.10,0.08,69.4,1.06,1.02
MoeycQ,11485,36.8,11047,1.04,75.3,5.1,629,16341,0.70,0.13,0.68,0.09,0.09,68.4,1.04,1.02
HS,20038,49.3,19637,1.02,78.5,4.9,1053,28179,0.71,0.15,0.70,0.10,0.11,69.5,1.09,1.02
Spargo,7096,33.0,6838,1.04,70.5,2.3,378,10224,0.69,0.09,0.67,0.09,0.09,68.2,1.10,1.05
jdm64,14626,23.6,13801,1.06,70.1,2.9,823,21321,0.69,0.10,0.65,0.10,0.09,68.8,1.05,1.02
glowiing,8731,55.5,8591,1.02,79.9,4.8,457,12181,0.72,0.13,0.71,0.10,0.10,69.0,1.15,1.08
Spongey,12738,50.8,11748,1.08,71.5,4.4,740,19173,0.66,0.12,0.61,0.10,0.12,72.7,0.94,1.06
RCF,11412,44.0,10969,1.04,74.9,2.9,616,16135,0.71,0.11,0.68,0.10,0.10,69.8,1.15,1.08
bondik,26353,47.7,24897,1.06,74.6,5.3,1454,38215,0.69,0.13,0.65,0.09,0.10,71.3,0.97,1.02
MonttY,9507,46.6,9169,1.04,77.3,1.9,522,13451,0.71,0.14,0.68,0.11,0.11,72.1,1.07,1.02
NENO,11619,42.4,10972,1.06,75.5,4.3,646,16733,0.69,0.14,0.66,0.09,0.09,71.4,1.03,1.02
FANAT ROCKA,8262,27.1,7809,1.06,71.8,2.8,465,12150,0.68,0.11,0.64,0.08,0.09,69.0,1.08,1.02
disco doplan,22193,43.9,21099,1.05,76.1,3.6,1207,32000,0.69,0.13,0.66,0.09,0.10,70.2,1.04,1.02
Nico,6738,26.0,6191,1.09,80.6,4.9,399,10074,0.67,0.12,0.61,0.08,0.14,69.2,1.28,1.02
apEX,36240,51.9,35456,1.02,79.3,5.0,1931,50636,0.72,0.16,0.70,0.10,0.09,68.6,1.10,1.02
qqGOD,10674,40.9,10394,1.03,79.2,3.3,584,15180,0.70,0.16,0.68,0.09,0.09,70.2,1.13,1.02
Plopski,17767,41.6,16925,1.05,77.0,4.9,963,25541,0.70,0.14,0.66,0.10,0.11,71.7,1.06,1.08
v1c7oR,33791,46.3,32579,1.04,76.6,4.5,1859,48493,0.70,0.16,0.67,0.12,0.11,72.9,1.10,1.02
Swisher,9434,47.8,9192,1.03,78.6,5.4,511,13332,0.71,0.15,0.69,0.10,0.11,70.7,1.11,1.08
iDk,14859,47.1,14319,1.04,78.5,4.7,817,21324,0.70,0.15,0.67,0.10,0.09,70.3,1.09,1.09
mar,13341,48.4,12898,1.03,79.0,6.6,720,19056,0.70,0.15,0.68,0.10,0.10,70.6,1.08,1.08
spaze,10281,52.0,10192,1.01,75.9,2.6,538,14117,0.73,0.14,0.72,0.10,0.11,67.9,1.04,1.02
Tuurtle,11904,54.8,11538,1.03,77.6,2.7,645,16947,0.70,0.14,0.68,0.10,0.11,71.1,1.10,1.08
ap0c,15948,50.7,15521,1.03,77.6,5.0,883,22608,0.71,0.15,0.69,0.10,0.09,70.3,1.09,1.02
TENZKI,26645,52.9,25282,1.05,76.9,4.4,1474,38768,0.69,0.14,0.65,0.09,0.10,71.1,1.03,1.02
Goofy,20048,41.4,19710,1.02,78.8,4.8,1048,28378,0.71,0.15,0.69,0.10,0.11,70.2,1.12,1.08
Ace,7922,31.4,7352,1.08,68.5,2.3,456,11866,0.67,0.10,0.62,0.09,0.10,70.9,1.03,1.06
Markoś,12079,29.6,11280,1.07,71.8,3.2,666,17918,0.67,0.11,0.63,0.08,0.08,70.0,1.03,1.06
SHOCK,11039,55.5,10578,1.04,73.2,3.6,607,16287,0.68,0.11,0.65,0.09,0.09,70.4,0.99,1.05
dimasick,10747,49.1,10300,1.04,75.9,3.5,585,15322,0.70,0.12,0.67,0.08,0.09,69.5,1.03,1.06
yel,16210,29.8,15167,1.07,71.6,3.0,927,23986,0.68,0.11,0.63,0.09,0.09,70.5,1.06,1.02
ROBO,12328,45.6,11700,1.05,74.0,2.7,667,17746,0.69,0.11,0.66,0.09,0.10,70.1,1.04,1.02
steel,11498,45.7,11237,1.02,80.0,4.8,616,16284,0.71,0.15,0.69,0.09,0.08,69.6,1.16,1.02
fr0slev,11143,48.0,10673,1.04,78.1,4.7,611,15973,0.70,0.14,0.67,0.10,0.12,71.5,1.02,1.08
LETN1,19347,49.6,18183,1.06,72.8,3.6,1111,28880,0.67,0.13,0.63,0.10,0.10,71.8,1.03,1.02
fox,19336,32.0,18810,1.03,75.5,3.2,1051,27454,0.70,0.13,0.69,0.10,0.09,68.6,1.18,1.02
es3tag,22756,35.6,21935,1.04,77.0,5.1,1260,33026,0.69,0.15,0.66,0.10,0.10,71.1,1.08,1.02
n0thing,14720,52.6,14236,1.03,74.9,5.0,813,21021,0.70,0.15,0.68,0.10,0.10,69.5,1.01,1.02
SKYTTEN,7087,45.2,6759,1.05,79.8,4.0,382,10157,0.70,0.16,0.67,0.10,0.13,71.9,1.06,1.02
queztone,12799,44.5,12594,1.02,77.1,3.1,693,18110,0.71,0.14,0.70,0.10,0.10,69.9,1.06,1.02
roseau,7419,40.4,7300,1.02,78.1,3.0,412,10376,0.72,0.15,0.70,0.11,0.11,71.2,1.15,1.02
roca,12336,51.4,12141,1.02,76.4,3.0,660,17324,0.71,0.13,0.70,0.10,0.11,68.8,1.06,1.02
jedqr,14177,53.5,13571,1.04,77.2,5.9,757,20551,0.69,0.15,0.66,0.10,0.10,71.6,1.04,1.08
delboNi,8763,44.8,8450,1.04,74.8,3.5,493,12737,0.69,0.13,0.66,0.10,0.11,70.4,0.98,1.05
Lekr0,23606,51.4,22748,1.04,76.7,3.9,1275,34075,0.69,0.14,0.67,0.09,0.10,70.4,1.06,1.02
flickz,7976,48.3,7619,1.05,79.0,5.3,461,11606,0.69,0.16,0.66,0.08,0.08,71.4,1.05,1.09
HexT,7428,50.9,7228,1.03,77.2,4.8,398,10524,0.71,0.14,0.69,0.13,0.13,71.6,1.11,1.09
chrisJ,31011,41.5,29926,1.04,70.1,3.3,1727,45400,0.68,0.11,0.66,0.10,0.08,68.9,1.02,1.01
aproto,7153,57.8,7068,1.01,74.9,3.2,383,10053,0.71,0.11,0.70,0.10,0.13,69.8,1.03,1.05
1962,10252,53.7,10221,1.00,76.9,3.8,557,14443,0.71,0.14,0.71,0.11,0.10,69.6,1.14,1.07
spyleadeR,16729,42.3,16566,1.01,81.3,4.6,891,23002,0.73,0.18,0.72,0.10,0.08,69.2,1.17,1.01
Kylar,10650,58.9,10320,1.03,73.8,4.6,576,15534,0.69,0.12,0.66,0.10,0.12,70.5,1.02,1.05
bedonka,6857,53.7,6734,1.02,76.8,4.1,379,9815,0.70,0.14,0.69,0.09,0.09,70.5,1.07,1.06
PlesseN,23114,54.6,22867,1.01,80.3,5.6,1217,32573,0.71,0.14,0.70,0.10,0.09,68.4,1.16,1.01
Voltage,7099,28.5,6590,1.08,67.4,2.9,420,10848,0.65,0.09,0.61,0.09,0.10,71.4,0.98,1.05
Jyo,20897,40.7,19944,1.05,74.8,5.5,1147,30661,0.68,0.13,0.65,0.10,0.09,71.6,1.04,1.07
kreaz,11760,47.5,11212,1.05,75.9,4.5,653,17325,0.68,0.14,0.65,0.09,0.10,70.8,1.01,1.01
GruBy,29279,42.5,28532,1.03,78.3,3.3,1592,42293,0.69,0.15,0.67,0.10,0.11,70.8,1.05,1.01
hampus,24655,40.5,24386,1.01,80.0,4.2,1316,35028,0.70,0.15,0.70,0.08,0.08,67.8,1.15,1.01
stadodo,12532,40.5,11943,1.05,74.2,5.7,703,18475,0.68,0.13,0.65,0.10,0.09,70.6,1.13,1.09
HUGHMUNGUS,13103,50.7,12622,1.04,74.6,4.8,740,19182,0.68,0.13,0.66,0.10,0.11,70.6,1.03,1.06
byali,33518,51.7,32180,1.04,76.3,3.6,1830,48041,0.70,0.14,0.67,0.09,0.10,69.9,1.00,1.01
arT,17298,34.4,17099,1.01,78.3,3.7,937,24307,0.71,0.14,0.70,0.10,0.07,68.4,1.28,1.10
desi,7826,51.5,7727,1.01,75.6,2.9,430,10986,0.71,0.13,0.70,0.09,0.10,68.9,1.07,1.01
Stewie2K,27093,49.4,26573,1.02,77.8,5.1,1486,38805,0.70,0.14,0.68,0.10,0.08,70.4,1.16,1.01
jR,15731,33.5,15080,1.04,71.8,3.3,866,23111,0.68,0.11,0.65,0.08,0.07,68.2,1.08,1.01
Maikelele,18850,37.0,17905,1.05,73.3,4.8,1067,28134,0.67,0.14,0.64,0.09,0.09,70.3,1.03,1.01
mitch,14179,44.4,13547,1.05,76.8,4.0,807,20719,0.68,0.14,0.65,0.10,0.11,72.1,1.05,1.01
obj,7183,31.6,6757,1.06,70.0,2.8,412,10784,0.67,0.11,0.63,0.09,0.09,70.9,1.02,1.01
Viva,10394,45.9,9923,1.05,71.8,2.7,585,15525,0.67,0.12,0.64,0.10,0.11,71.5,1.04,1.06
tatazin,12715,46.4,11769,1.08,69.9,3.2,746,19564,0.65,0.11,0.60,0.08,0.09,73.2,0.90,1.05
b0RUP,24503,63.8,24089,1.02,73.1,4.4,1352,35776,0.68,0.11,0.67,0.10,0.10,69.8,1.06,1.01
Noobster,8741,34.5,8534,1.02,73.2,4.0,495,12785,0.68,0.12,0.67,0.09,0.09,67.8,1.11,1.01
Nodios,12942,53.9,12463,1.04,75.8,5.1,710,19030,0.68,0.14,0.65,0.10,0.11,71.3,1.00,1.01
grux,8740,67.2,8483,1.03,73.9,2.9,470,12547,0.70,0.10,0.68,0.10,0.11,69.9,1.00,1.04
EasTor,8811,28.4,8463,1.04,68.6,2.7,490,13018,0.68,0.09,0.65,0.10,0.10,69.4,1.02,1.01
shokz,10186,54.2,9923,1.03,75.4,3.6,564,14987,0.68,0.12,0.66,0.08,0.09,70.4,1.05,1.06
b0denmaster,7566,34.7,7312,1.03,73.3,4.9,415,11107,0.68,0.11,0.66,0.09,0.08,68.7,1.12,1.06
ayaya,8275,40.3,8160,1.01,78.2,2.7,458,11590,0.71,0.14,0.70,0.09,0.09,68.5,1.12,1.01
reatz,27479,51.6,26689,1.03,74.1,2.8,1483,39842,0.69,0.12,0.67,0.10,0.11,70.7,0.99,1.01
mirbit,15351,44.0,14425,1.06,73.5,5.7,866,23162,0.66,0.13,0.62,0.09,0.09,72.4,0.95,1.06
xCeeD,7407,44.1,7296,1.02,75.1,2.9,412,10694,0.69,0.13,0.68,0.12,0.11,71.0,1.09,1.07
Friis,16356,26.3,15609,1.05,69.4,2.4,938,24254,0.67,0.11,0.64,0.09,0.08,68.6,1.05,1.01
dazzLe,12753,42.0,12761,1.00,80.9,3.5,690,17971,0.71,0.16,0.71,0.10,0.09,69.5,1.15,1.08
zqkS,12484,28.9,11763,1.06,69.9,3.7,729,18817,0.66,0.12,0.63,0.10,0.09,70.7,1.05,1.01
siuhy,8511,53.5,8462,1.01,77.9,4.3,453,12146,0.70,0.13,0.70,0.10,0.08,68.7,1.12,1.07
kalinka,16112,52.8,15955,1.01,76.6,3.8,855,22891,0.70,0.12,0.70,0.09,0.09,68.8,1.10,1.01
Lack1,15411,45.8,15185,1.01,74.5,2.8,837,22307,0.69,0.13,0.68,0.09,0.09,69.7,1.08,1.05
Jinxx,7054,52.7,6771,1.04,72.3,3.8,400,10511,0.67,0.12,0.64,0.10,0.13,71.7,0.94,1.04
leo_drk,10114,51.4,10028,1.01,77.2,4.4,565,14501,0.70,0.13,0.69,0.11,0.10,70.0,1.13,1.07
to1nou,15196,30.5,14676,1.04,68.8,2.2,850,22377,0.68,0.10,0.66,0.09,0.10,68.9,1.01,1.01
Tsogoo,8315,52.9,8158,1.02,77.5,3.4,461,11774,0.71,0.14,0.69,0.10,0.11,69.6,1.04,1.01
DickStacy,10534,48.9,10188,1.03,73.5,4.5,624,15708,0.67,0.15,0.65,0.11,0.09,72.6,1.06,1.08
DESPE,8068,29.8,7748,1.04,68.7,2.5,468,12127,0.67,0.11,0.64,0.08,0.08,69.4,1.04,1.01
kioShiMa,26259,51.3,24967,1.05,74.0,5.2,1495,39250,0.67,0.15,0.64,0.08,0.09,70.6,0.97,1.01
speed4k,13678,39.2,13110,1.04,69.9,2.9,767,20579,0.66,0.11,0.64,0.09,0.09,70.5,1.01,1.05
FugLy,18921,43.4,18300,1.03,73.5,3.5,1083,28153,0.67,0.13,0.65,0.10,0.11,71.4,0.98,1.01
emagine,12837,45.9,12350,1.04,73.6,4.8,751,18931,0.68,0.14,0.65,0.10,0.09,70.7,1.00,1.01
Polt,9270,49.2,8853,1.05,77.7,3.5,510,13490,0.69,0.14,0.66,0.08,0.09,70.9,1.00,1.07
Nifty,15336,36.3,15026,1.02,70.2,3.2,865,22686,0.68,0.09,0.66,0.10,0.09,67.7,1.08,1.01
waterfaLLZ,15964,27.2,15644,1.02,72.7,3.2,875,23197,0.69,0.12,0.67,0.09,0.08,68.0,1.09,1.01
MINISE,34615,39.7,34010,1.02,73.9,4.9,1871,49905,0.69,0.12,0.68,0.08,0.07,67.1,1.14,1.00
Zero,18119,48.9,17336,1.05,71.9,2.5,1015,27013,0.67,0.12,0.64,0.09,0.11,71.5,0.96,1.00
innocent,31050,46.0,30464,1.02,77.1,5.1,1701,44784,0.69,0.15,0.68,0.09,0.09,69.9,1.03,1.00
pounh,7289,49.5,7198,1.01,75.9,2.1,401,10552,0.69,0.13,0.68,0.09,0.09,69.0,1.03,1.04
truth,8268,51.7,8156,1.01,75.9,3.2,443,11862,0.70,0.12,0.69,0.09,0.11,69.3,1.02,1.00
nitr0,23511,44.3,22894,1.03,71.9,4.9,1333,34755,0.68,0.14,0.66,0.11,0.10,71.4,1.01,1.00
Relyks,14589,48.8,14428,1.01,73.9,5.6,832,21258,0.69,0.12,0.68,0.10,0.10,69.6,1.01,1.00
fenvicious,13225,52.7,13084,1.01,75.7,2.4,729,19059,0.69,0.12,0.69,0.09,0.09,69.1,1.02,1.00
R0b3n,9420,49.8,9174,1.03,74.5,3.0,525,13824,0.68,0.12,0.66,0.09,0.10,70.3,0.98,1.04
glace,10395,52.2,10029,1.04,74.4,4.1,589,15307,0.68,0.14,0.66,0.09,0.10,70.7,1.00,1.00
Oderus,8738,34.3,8790,0.99,72.3,1.8,473,12356,0.71,0.09,0.71,0.10,0.10,67.0,1.15,1.04
1uke,11017,26.4,10794,1.02,71.6,2.2,623,16179,0.68,0.09,0.67,0.08,0.07,67.3,1.16,1.00
SZPERO,35995,33.3,35032,1.03,72.6,3.3,1996,52777,0.68,0.12,0.66,0.08,0.07,69.1,1.06,1.00
Edward,26683,51.1,25994,1.03,72.0,2.9,1473,38787,0.69,0.13,0.67,0.09,0.09,69.3,0.98,1.00
ableJ,6352,50.8,6053,1.05,72.1,3.9,372,9544,0.67,0.13,0.63,0.10,0.09,72.5,0.95,1.05
dzt,11845,46.4,11676,1.01,75.7,3.7,665,17229,0.69,0.13,0.68,0.10,0.09,69.6,1.11,1.00
hazed,13273,49.8,13354,0.99,78.3,4.1,736,19138,0.69,0.15,0.70,0.09,0.08,68.2,1.12,1.00
mopoz,19349,51.6,19333,1.00,75.9,4.8,1071,28421,0.68,0.13,0.68,0.09,0.07,69.1,1.10,1.00
almazer,23468,51.9,22888,1.03,74.3,4.1,1302,35000,0.67,0.13,0.65,0.10,0.09,71.1,1.00,1.06
kenzor,10785,54.8,10728,1.01,76.6,2.6,598,15627,0.69,0.13,0.69,0.10,0.11,70.1,1.04,1.05
xiaosaGe,15543,47.6,15517,1.00,80.0,5.2,840,22136,0.70,0.16,0.70,0.11,0.10,70.1,1.11,1.08
cbbk,7029,51.2,6866,1.02,75.6,4.3,404,10342,0.68,0.15,0.66,0.10,0.10,71.4,1.02,1.06
Djoko,7370,61.2,7380,1.00,75.0,6.0,408,10771,0.68,0.13,0.69,0.10,0.10,69.1,1.08,1.05
KILLDREAM,7851,44.2,7867,1.00,81.9,3.4,429,11159,0.70,0.16,0.70,0.10,0.11,70.9,1.15,1.00
Basso,10081,53.0,9816,1.03,70.1,3.5,582,15218,0.66,0.10,0.65,0.09,0.10,70.0,0.92,1.00
RoLEX,8834,51.2,8801,1.00,78.6,3.2,492,12610,0.70,0.14,0.70,0.09,0.09,69.2,1.08,1.06
zeff,8381,42.0,8327,1.01,77.8,4.9,482,12229,0.69,0.17,0.68,0.13,0.11,72.0,1.15,1.00
cromen,11785,52.8,11718,1.01,74.0,3.6,653,17335,0.68,0.13,0.68,0.11,0.11,70.3,1.06,1.00
adreN,12259,35.3,11879,1.03,76.5,5.7,697,18241,0.67,0.15,0.65,0.10,0.12,70.9,1.02,1.00
ImpressioN,11502,48.9,11418,1.01,77.0,4.1,647,16751,0.69,0.15,0.68,0.10,0.11,71.0,1.06,1.00
MODDII,20574,52.4,20166,1.02,74.6,3.6,1169,30527,0.67,0.13,0.66,0.08,0.08,70.1,1.02,1.00
void,7854,40.0,7727,1.02,74.1,2.8,437,11368,0.69,0.13,0.68,0.10,0.11,69.8,0.96,1.03
pyth,13677,56.0,13682,1.00,70.3,4.1,756,19801,0.69,0.13,0.69,0.10,0.10,67.4,0.96,1.00
mds,19543,53.4,19084,1.02,72.6,2.8,1087,29074,0.67,0.11,0.66,0.09,0.09,70.2,1.00,1.04
supra,9439,57.9,9376,1.01,72.9,5.4,530,14221,0.66,0.12,0.66,0.10,0.10,69.9,1.05,1.05
bubble,36652,41.4,35540,1.03,74.6,4.9,2081,54535,0.67,0.15,0.65,0.10,0.10,71.0,1.03,1.00
Jerry,27424,45.8,27013,1.02,76.7,4.2,1490,40075,0.68,0.14,0.67,0.10,0.09,71.0,1.05,1.07
reversive,10519,43.6,10323,1.02,75.7,4.5,594,15490,0.68,0.14,0.67,0.10,0.10,71.0,1.04,1.00
cam,9454,50.8,9285,1.02,75.3,5.4,544,13974,0.68,0.15,0.66,0.12,0.12,71.9,1.02,1.06
Noktse,12892,38.8,12632,1.02,74.2,4.6,733,19154,0.67,0.13,0.66,0.09,0.08,68.9,1.10,1.06
xseveN,22472,46.2,22132,1.02,78.7,6.0,1257,33229,0.68,0.16,0.67,0.09,0.09,70.9,1.06,1.00
peet,6788,34.0,6691,1.01,71.0,2.1,379,9993,0.68,0.12,0.67,0.10,0.10,69.0,1.09,1.00
DeathZz,7963,49.9,7826,1.02,75.1,3.3,446,11898,0.67,0.13,0.66,0.09,0.10,70.3,0.96,1.04
pecks,6620,45.9,6458,1.03,72.4,4.4,389,9930,0.67,0.14,0.65,0.09,0.08,71.1,0.96,1.00
STYKO,25989,57.5,25588,1.02,74.6,5.0,1474,38842,0.67,0.13,0.66,0.09,0.08,70.0,0.99,1.00
SIXER,18425,39.3,17582,1.05,69.8,2.7,1066,28079,0.66,0.11,0.63,0.09,0.10,70.6,0.95,1.00
vice,8668,49.4,8540,1.01,75.9,3.1,493,12707,0.68,0.14,0.67,0.12,0.11,71.4,1.02,1.00
Bååten,13293,56.5,13254,1.00,74.1,3.7,738,19661,0.68,0.12,0.67,0.10,0.11,69.4,1.01,1.00
xelos,7776,48.3,7750,1.00,76.8,5.7,426,11262,0.69,0.15,0.69,0.08,0.08,68.6,1.04,1.00
uli,9167,48.8,9018,1.02,76.1,4.9,505,13510,0.68,0.13,0.67,0.09,0.10,70.1,1.02,1.00
robiin,27448,48.0,27475,1.00,80.2,8.6,1498,39911,0.69,0.17,0.69,0.11,0.10,70.8,1.07,0.99
freakazoid,15481,46.7,15481,1.00,77.8,4.4,871,22342,0.69,0.15,0.69,0.11,0.10,70.6,1.08,0.99
freddieb,20728,52.9,20548,1.01,77.0,4.2,1135,30119,0.69,0.14,0.68,0.09,0.09,68.8,1.07,0.99
SEMPHIS,15472,36.5,15505,1.00,73.6,3.1,848,21936,0.71,0.14,0.71,0.10,0.10,68.6,1.02,0.99
dephh,14252,47.6,14484,0.98,80.6,4.9,768,20106,0.71,0.16,0.72,0.11,0.10,69.1,1.16,0.99
kory,7774,54.8,7838,0.99,77.6,4.1,415,11072,0.70,0.14,0.71,0.11,0.11,69.7,1.14,1.07
ALEX,20710,47.5,21052,0.98,76.3,3.4,1122,29713,0.70,0.13,0.71,0.10,0.09,67.4,1.09,0.99
YDNA,7636,38.9,7533,1.01,71.0,2.9,435,11265,0.68,0.11,0.67,0.09,0.10,68.5,1.06,1.03
gMd,8389,53.5,8436,0.99,75.4,3.5,464,12098,0.69,0.14,0.70,0.11,0.11,70.2,1.06,1.05
markeloff,19780,41.6,19292,1.03,74.3,5.0,1143,29624,0.67,0.15,0.65,0.08,0.09,69.0,0.96,0.99
Puls3,7860,43.3,7786,1.01,74.7,3.8,436,11572,0.68,0.15,0.67,0.11,0.12,71.3,1.03,0.99
neptune,9091,55.4,9114,1.00,74.8,3.1,498,13218,0.69,0.13,0.69,0.11,0.10,70.4,1.03,1.04
rbz,11278,48.9,11140,1.01,73.3,4.3,647,16903,0.67,0.13,0.66,0.09,0.10,69.3,0.96,0.99
BENDJI,16055,32.5,15918,1.01,75.4,5.3,878,23318,0.69,0.14,0.68,0.10,0.10,69.6,1.06,0.99
JACKZ,18440,58.3,18496,1.00,74.5,3.4,1030,27287,0.68,0.13,0.68,0.10,0.10,70.6,1.07,0.99
Vegi,13721,47.5,13878,0.99,77.1,3.7,721,19763,0.69,0.13,0.70,0.10,0.10,69.2,1.06,1.05
jaxi,8103,40.5,7920,1.02,73.7,2.9,472,12125,0.67,0.14,0.65,0.09,0.11,71.1,1.01,0.99
BARBARR,15776,42.7,15796,1.00,74.8,3.9,876,23180,0.68,0.13,0.68,0.09,0.09,68.2,1.07,0.99
Daffu,10901,52.2,10697,1.02,73.7,4.7,614,16344,0.67,0.13,0.65,0.12,0.13,71.7,0.97,1.05
VINI,15855,49.1,15894,1.00,73.6,4.1,916,23835,0.67,0.13,0.67,0.10,0.09,70.3,1.02,1.04
MUTiRiS,20614,50.9,20556,1.00,77.9,5.7,1148,29967,0.69,0.15,0.69,0.10,0.10,70.3,1.08,0.99
JIaYm,9791,52.5,10064,0.97,79.3,4.3,507,13753,0.71,0.14,0.73,0.10,0.10,67.4,1.15,1.05
magixx,10060,57.6,9855,1.02,70.1,3.6,589,15521,0.65,0.11,0.63,0.10,0.10,71.6,0.97,1.04
Dima,23782,52.5,24309,0.98,77.4,4.0,1310,34466,0.69,0.14,0.71,0.11,0.10,69.5,1.13,0.99
ANGE1,31392,51.3,32077,0.98,80.1,5.0,1728,45027,0.70,0.17,0.71,0.10,0.07,67.6,1.18,0.99
kaboose,10006,54.9,10311,0.97,76.1,2.4,549,14235,0.70,0.12,0.72,0.11,0.11,68.3,1.09,0.99
facecrack,31273,48.4,32000,0.98,77.6,3.2,1682,44893,0.70,0.14,0.71,0.10,0.09,69.1,1.11,0.99
Drone,8164,61.8,8332,0.98,75.2,3.9,454,11841,0.69,0.13,0.70,0.12,0.11,69.9,1.06,0.99
krii,7051,49.0,7046,1.00,74.2,3.2,398,10522,0.67,0.14,0.67,0.10,0.12,70.5,0.96,0.99
sXe,9901,42.9,9957,0.99,74.5,3.0,567,14684,0.67,0.14,0.68,0.10,0.10,70.1,0.99,0.99
Dosia,25227,48.1,24934,1.01,73.9,5.5,1431,37517,0.67,0.15,0.66,0.08,0.08,68.2,0.95,0.99
vanity,10461,41.8,10381,1.01,74.0,4.6,609,15688,0.67,0.13,0.66,0.10,0.09,70.8,1.05,1.06
realziN,8986,50.0,8940,1.01,73.5,5.7,516,13634,0.66,0.14,0.66,0.11,0.09,72.4,1.02,1.06
Furlan,36775,53.1,37226,0.99,76.3,5.1,2037,54169,0.68,0.14,0.69,0.10,0.09,69.5,1.09,0.99
fitch,10410,52.6,10620,0.98,77.9,4.9,574,15207,0.68,0.15,0.70,0.09,0.08,68.2,1.10,0.99
gla1ve,27978,46.5,27725,1.01,75.2,6.2,1604,42137,0.66,0.16,0.66,0.10,0.08,70.3,1.06,0.99
larsen,9208,30.5,9088,1.01,70.5,4.0,528,13863,0.66,0.10,0.66,0.09,0.07,68.0,1.05,0.99
J1rah,12853,46.1,12828,1.00,73.0,4.6,746,19318,0.67,0.13,0.66,0.10,0.08,69.7,1.03,1.04
gade,16756,53.6,16884,0.99,72.5,3.6,964,25326,0.66,0.12,0.67,0.10,0.10,69.8,1.01,0.99
morelz,18966,46.9,19242,0.99,76.8,3.2,1031,27393,0.69,0.14,0.70,0.08,0.08,68.2,1.06,0.99
raalz,15101,58.3,15191,0.99,72.7,5.1,837,22586,0.67,0.12,0.67,0.10,0.11,70.3,1.02,0.99
SAGGERTON,9723,42.6,9954,0.98,75.4,4.6,540,14097,0.69,0.15,0.71,0.11,0.10,68.8,1.10,0.99
Jonji,17776,41.0,18145,0.98,80.5,6.5,994,25493,0.70,0.17,0.71,0.11,0.08,70.6,1.19,1.09
Lukki,15622,51.2,15631,1.00,72.4,3.0,893,23437,0.67,0.13,0.67,0.12,0.12,71.6,0.98,0.99
rmn,18531,54.4,18596,1.00,74.3,3.6,1042,27204,0.68,0.13,0.68,0.10,0.11,70.2,1.04,0.99
AZR,19524,51.5,19699,0.99,74.4,3.9,1093,28528,0.68,0.14,0.69,0.11,0.11,70.3,1.00,0.99
WOOD7,8181,31.1,7926,1.03,72.2,5.8,477,12436,0.66,0.12,0.64,0.08,0.08,70.7,0.99,1.05
ryotzz,7922,37.2,8076,0.98,80.4,5.9,447,11613,0.68,0.18,0.70,0.10,0.09,70.5,1.10,1.08
DAVEY,14126,41.3,14409,0.98,76.8,2.8,800,20694,0.68,0.14,0.70,0.08,0.08,68.1,1.04,0.99
bq,6899,53.3,7056,0.98,74.7,3.2,373,10052,0.69,0.13,0.70,0.08,0.08,68.4,1.05,1.03
djay,13344,48.3,13456,0.99,74.6,4.0,760,19681,0.68,0.14,0.68,0.11,0.11,70.6,1.00,1.04
stellar,7396,45.7,7370,1.00,76.2,4.3,427,10968,0.67,0.13,0.67,0.10,0.10,71.3,0.98,1.05
Xizt,28491,46.8,27984,1.02,70.4,5.0,1665,42830,0.67,0.17,0.65,0.10,0.10,69.6,0.88,0.98
RUBINO,17632,52.5,17802,0.99,71.7,2.3,998,26140,0.67,0.13,0.68,0.10,0.09,69.2,0.97,0.98
k1to,21448,57.9,21931,0.98,74.3,4.5,1187,31578,0.68,0.12,0.69,0.10,0.09,69.3,1.04,1.03
apocdud,11909,36.4,11964,1.00,74.8,5.4,680,17629,0.68,0.13,0.68,0.11,0.10,68.9,1.07,1.05
AdreN,31357,48.8,31574,0.99,75.9,5.3,1767,46454,0.68,0.15,0.68,0.08,0.07,68.5,1.05,0.98
bew,6854,50.7,6911,0.99,76.3,6.4,376,10079,0.68,0.15,0.69,0.11,0.11,70.5,1.03,1.05
bodyy,22140,56.3,22406,0.99,75.7,4.4,1246,32985,0.67,0.15,0.68,0.11,0.09,69.8,1.06,0.98
ryann,12192,55.1,12461,0.98,73.9,3.0,697,17857,0.68,0.12,0.70,0.12,0.10,69.7,1.07,1.04
Zix,7076,54.4,7242,0.98,75.0,4.4,400,10329,0.69,0.14,0.70,0.12,0.11,70.0,1.05,1.04
isak,9379,49.7,9411,1.00,73.4,5.2,525,14241,0.66,0.13,0.66,0.09,0.09,70.0,0.99,1.03
NickelBack,23061,40.0,23072,1.00,75.5,6.3,1311,34774,0.66,0.16,0.66,0.10,0.10,71.4,1.00,1.05
DeadFox,13856,38.4,13910,1.00,69.5,3.5,807,21060,0.66,0.13,0.66,0.10,0.11,69.8,0.98,0.98
Perfecto,10852,46.5,10499,1.03,69.9,4.4,659,17387,0.62,0.13,0.60,0.09,0.09,73.0,0.88,1.03
zende,7064,47.7,7065,1.00,74.1,3.4,397,10444,0.68,0.13,0.68,0.09,0.11,70.3,1.02,0.98
anger,12065,50.9,12294,0.98,74.2,3.5,682,17700,0.68,0.14,0.69,0.10,0.10,69.5,1.00,0.98
Spiidi,34249,40.3,34075,1.01,73.7,5.1,1983,52609,0.65,0.15,0.65,0.09,0.09,70.3,0.93,0.98
Llamas,7596,49.1,7621,1.00,70.9,3.3,451,11530,0.66,0.12,0.66,0.10,0.11,70.6,0.92,1.01
doto,11512,54.8,11696,0.98,74.6,4.5,648,17287,0.67,0.14,0.68,0.09,0.09,68.6,1.05,0.98
tifa,7090,45.7,7199,0.98,74.3,3.6,407,10476,0.68,0.14,0.69,0.09,0.10,68.3,1.04,0.98
Boombl4,18707,41.6,19067,0.98,76.0,4.6,1055,27948,0.67,0.14,0.68,0.09,0.08,68.8,1.10,1.05
jnt,10050,35.5,9892,1.02,68.9,3.9,608,15674,0.64,0.11,0.63,0.09,0.09,70.8,0.97,1.03
wiz,7010,28.9,6990,1.00,69.5,4.3,403,10672,0.66,0.10,0.65,0.09,0.10,68.8,0.98,1.02
kwezz,9108,55.9,9213,0.99,72.7,4.6,518,13829,0.66,0.11,0.67,0.08,0.09,68.0,0.93,1.01
prt,12574,53.3,12660,0.99,72.8,3.0,724,18787,0.67,0.13,0.67,0.11,0.11,69.8,0.99,1.03
SHOOWTiME,16531,45.5,16787,0.98,75.2,4.2,946,24427,0.68,0.13,0.69,0.10,0.10,69.3,1.05,0.98
ZEDKO,18077,52.6,18215,0.99,73.2,4.4,1029,27231,0.66,0.13,0.67,0.10,0.09,70.5,1.02,0.98
BIT,12295,48.2,12231,1.01,74.2,5.6,727,18792,0.65,0.15,0.65,0.11,0.09,71.6,1.02,0.98
syken,7450,57.8,7698,0.97,74.1,3.3,413,10832,0.69,0.12,0.71,0.11,0.11,68.4,1.03,0.98
jabbi,12165,60.1,12225,1.00,70.8,4.4,683,18426,0.66,0.11,0.66,0.10,0.11,69.9,0.98,1.02
niki1,17699,48.8,18014,0.98,76.8,6.7,1012,26384,0.67,0.16,0.68,0.10,0.09,70.1,1.06,0.98
DeStRoYeR,10295,42.1,10440,0.99,74.7,2.7,571,15101,0.68,0.12,0.69,0.09,0.09,69.1,1.04,0.98
BURNRUOk,15228,50.7,15746,0.97,76.9,3.7,860,22168,0.69,0.14,0.71,0.09,0.08,67.8,1.13,0.98
NEKIZ,15535,48.1,15852,0.98,74.9,3.9,877,23017,0.67,0.13,0.69,0.10,0.10,69.7,1.06,0.98
Sergiz,7819,52.1,7733,1.01,72.7,5.1,456,12110,0.65,0.13,0.64,0.08,0.09,70.3,0.94,1.03
RUSH,23817,47.4,24112,0.99,72.1,3.8,1374,35957,0.66,0.15,0.67,0.11,0.10,71.7,0.97,0.98
Radifaction,8996,49.8,9178,0.98,75.3,3.4,498,13361,0.67,0.13,0.69,0.09,0.09,68.8,1.03,1.03
sinnopsyy,10750,57.5,11221,0.96,79.1,5.4,579,15555,0.69,0.13,0.72,0.08,0.07,66.3,1.10,1.03
PERCY,18369,58.5,18769,0.98,73.5,4.2,1030,27376,0.67,0.12,0.69,0.09,0.09,67.8,1.02,0.98
RuStY,22136,53.0,22397,0.99,73.6,4.3,1232,33313,0.66,0.13,0.67,0.10,0.10,70.5,1.00,1.03
Marek,6820,52.1,6918,0.99,73.8,3.5,391,10297,0.66,0.13,0.67,0.09,0.10,70.0,0.99,0.98
blocker,15729,49.3,16240,0.97,77.0,4.9,864,22973,0.68,0.15,0.71,0.11,0.12,70.0,1.06,1.05
SPELLAN,24610,39.6,24841,0.99,74.1,5.4,1432,37492,0.66,0.13,0.66,0.08,0.08,68.9,1.01,1.03
RpK,26056,50.7,26673,0.98,72.1,2.9,1499,39100,0.67,0.13,0.68,0.11,0.11,70.4,0.96,0.97
mono,11609,44.6,11617,1.00,75.6,5.7,660,17625,0.66,0.13,0.66,0.07,0.09,69.9,0.92,0.97
pesadelo,9350,44.4,9732,0.96,75.9,6.1,527,13756,0.68,0.14,0.71,0.10,0.09,68.1,1.04,1.02
jmqa,16152,51.0,16425,0.98,73.8,4.4,922,24189,0.67,0.13,0.68,0.09,0.08,68.1,1.00,0.97
propleh,6836,49.2,6938,0.99,74.2,4.3,387,10295,0.66,0.14,0.67,0.10,0.11,70.6,0.99,1.03
Fadey,10365,55.2,10896,0.95,76.0,3.6,585,14985,0.69,0.13,0.73,0.12,0.10,67.7,1.12,0.97
seb,10456,45.5,10680,0.98,76.0,4.1,603,15586,0.67,0.15,0.69,0.11,0.11,70.3,0.99,0.97
oskarish,16976,50.7,17272,0.98,70.6,4.2,974,25972,0.65,0.13,0.67,0.10,0.10,69.8,0.98,0.97
Keoz,14040,54.9,14609,0.96,75.1,4.9,780,20736,0.68,0.13,0.70,0.10,0.09,68.0,1.07,1.03
TMB,11230,47.7,11555,0.97,77.9,7.4,631,16822,0.67,0.16,0.69,0.10,0.09,69.0,1.08,1.05
leman,7840,51.6,7968,0.98,72.0,4.0,445,11955,0.66,0.13,0.67,0.10,0.12,70.4,0.96,0.97
Drea3er,6898,53.9,7172,0.96,74.2,2.6,395,10159,0.68,0.13,0.71,0.09,0.10,68.6,1.03,1.02
kUcheR,14944,44.0,15089,0.99,74.2,2.6,852,22314,0.67,0.15,0.68,0.10,0.10,70.0,0.99,0.97
PKL,18044,52.1,18418,0.98,74.3,3.9,1048,27375,0.66,0.14,0.67,0.10,0.09,70.1,1.02,0.97
stk,10034,42.0,10257,0.98,74.5,3.0,591,15136,0.66,0.15,0.68,0.13,0.11,72.1,1.00,1.05
ELUSIVE,6410,43.9,6354,1.01,69.6,3.6,397,10059,0.64,0.14,0.63,0.10,0.11,70.7,0.89,0.97
SOKER,11378,42.5,11813,0.96,75.6,2.8,639,16759,0.68,0.15,0.70,0.12,0.11,69.7,1.06,0.97
DEVIL,11006,48.2,11297,0.97,73.3,3.7,636,16582,0.66,0.13,0.68,0.10,0.09,69.2,0.99,0.97
MAIROLLS,8516,49.1,8729,0.98,73.2,3.5,495,12791,0.67,0.13,0.68,0.10,0.10,70.5,0.97,1.02
FinigaN,8265,50.7,8243,1.00,69.5,4.5,484,13022,0.63,0.12,0.63,0.10,0.10,71.3,0.93,1.02
nafany,14662,51.3,15233,0.96,74.7,4.8,826,21947,0.67,0.14,0.69,0.10,0.08,69.1,1.10,1.04
Aleksib,16729,39.3,16917,0.99,75.0,8.5,979,25870,0.65,0.17,0.65,0.11,0.10,71.2,1.04,0.97
gabesson,7943,42.1,8207,0.97,76.0,4.6,441,11654,0.68,0.16,0.70,0.11,0.11,69.4,1.00,0.97
seized,26155,45.8,26772,0.98,72.6,5.4,1497,39393,0.66,0.15,0.68,0.08,0.07,67.2,0.97,0.97
Mayker,7380,49.1,7600,0.97,72.9,4.6,433,11216,0.66,0.13,0.68,0.10,0.10,69.1,0.95,1.01
chopper,18235,57.4,18610,0.98,72.3,4.4,1054,27883,0.65,0.13,0.67,0.10,0.09,69.9,1.01,0.97
ice,7328,58.4,7590,0.97,73.0,3.5,409,10983,0.67,0.12,0.69,0.11,0.12,68.5,1.00,1.01
KHRN,15822,48.0,16067,0.98,71.0,4.7,935,24443,0.65,0.14,0.66,0.10,0.10,70.4,0.93,0.97
Surreal,25018,43.3,25722,0.97,72.4,3.3,1454,38095,0.66,0.13,0.68,0.10,0.09,69.7,1.02,0.97
Leaf,6618,44.2,6689,0.99,72.1,3.5,398,10120,0.65,0.13,0.66,0.09,0.08,69.9,0.97,1.02
Sapec,6918,53.3,7250,0.95,77.4,5.6,382,10195,0.68,0.14,0.71,0.10,0.09,68.5,1.11,1.04
starix,10761,47.6,11002,0.98,73.5,3.8,625,16451,0.65,0.14,0.67,0.09,0.09,68.1,0.95,0.97
reltuC,14788,40.5,14862,1.00,73.3,3.7,865,22664,0.65,0.15,0.66,0.09,0.10,70.2,0.92,0.97
LUCAS1,15923,47.0,16381,0.97,76.7,3.9,934,24242,0.66,0.16,0.68,0.10,0.09,70.3,1.03,0.97
Hyper,11144,41.8,11311,0.99,69.9,2.8,646,16949,0.66,0.12,0.67,0.08,0.08,68.8,0.89,0.96
misutaaa,6553,54.7,6802,0.96,68.8,2.8,387,10233,0.64,0.11,0.66,0.12,0.11,70.9,0.96,1.01
ProbLeM,9324,48.8,9574,0.97,74.3,4.7,521,14158,0.66,0.13,0.68,0.10,0.10,70.3,0.98,1.03
Maniac,14478,39.4,14866,0.97,74.4,2.1,837,22049,0.66,0.14,0.67,0.08,0.08,68.6,0.97,0.96
phr,21990,53.6,22424,0.98,73.1,5.7,1256,33631,0.65,0.13,0.67,0.09,0.09,70.1,0.95,1.02
SmithZz,19726,41.4,20269,0.97,66.1,2.3,1161,30130,0.65,0.14,0.67,0.10,0.08,66.3,0.91,0.96
0i,8436,55.9,8776,0.96,73.9,3.3,475,12428,0.68,0.13,0.71,0.10,0.10,69.2,0.99,1.01
kaper,9154,44.2,9322,0.98,72.1,3.8,536,14240,0.64,0.14,0.65,0.10,0.10,71.6,0.94,1.02
HOLMES,7559,44.9,7859,0.96,78.1,4.4,429,11217,0.67,0.15,0.70,0.10,0.10,69.2,1.02,0.96
SEMINTE,10955,49.1,11386,0.96,72.2,3.0,635,16613,0.66,0.12,0.69,0.09,0.10,67.8,0.97,0.96
maeVe,8154,40.5,8285,0.98,72.3,3.5,487,12606,0.65,0.14,0.66,0.08,0.07,69.0,0.96,0.96
Kairi,6763,37.7,6967,0.97,74.1,6.0,404,10297,0.66,0.15,0.68,0.10,0.09,70.2,1.02,0.96
Tommy,6700,46.0,7023,0.95,76.2,2.9,387,9900,0.68,0.15,0.71,0.12,0.10,70.2,1.07,1.04
SADDYX,11339,47.6,11705,0.97,74.6,6.0,644,17265,0.66,0.14,0.68,0.10,0.10,69.7,0.99,1.03
The eLiVe,7321,53.2,7534,0.97,71.9,4.6,419,11314,0.65,0.13,0.67,0.10,0.10,69.0,0.97,1.01
nbl,9913,51.3,10345,0.96,72.6,3.6,575,14870,0.67,0.14,0.70,0.11,0.10,69.8,0.99,0.96
bodito,7452,46.7,7841,0.95,74.1,3.3,412,11052,0.67,0.14,0.71,0.11,0.10,68.4,1.02,0.96
stanislaw,21454,47.5,21926,0.98,72.7,6.0,1290,33377,0.64,0.14,0.66,0.10,0.09,70.3,0.97,0.96
tiziaN,28584,56.1,29326,0.97,71.4,4.7,1690,44638,0.64,0.13,0.66,0.09,0.09,69.9,0.96,0.96
xms,12206,59.0,12830,0.95,71.0,2.9,712,18783,0.65,0.12,0.68,0.11,0.10,69.6,0.99,0.96
w1nt3r,9106,49.6,9290,0.98,71.9,3.9,531,14221,0.64,0.12,0.65,0.09,0.10,69.2,0.88,1.00
Snappi,25511,45.5,26272,0.97,72.9,4.4,1477,38951,0.65,0.13,0.67,0.09,0.08,69.5,0.97,0.96
Uber,6674,50.2,6973,0.96,73.6,3.9,398,10027,0.67,0.14,0.70,0.12,0.11,68.4,0.98,0.96
Kristou,6671,43.8,6987,0.95,68.0,3.4,388,10248,0.65,0.09,0.68,0.09,0.08,66.5,1.06,0.99
glow,6438,51.9,6537,0.98,69.5,3.2,395,10045,0.64,0.12,0.65,0.11,0.11,71.4,0.90,1.01
Kvik,13682,42.7,14349,0.95,75.1,3.8,780,20389,0.67,0.14,0.70,0.10,0.10,67.7,1.00,0.96
expro,7318,44.6,7602,0.96,75.2,4.2,410,10885,0.67,0.13,0.70,0.10,0.09,68.7,1.03,1.02
RZU,7356,54.2,7772,0.95,73.6,3.5,413,10841,0.68,0.12,0.72,0.11,0.10,68.2,1.03,1.01
maNkz,10151,52.4,10564,0.96,72.7,5.1,589,15767,0.64,0.14,0.67,0.11,0.11,70.7,1.00,1.03
MAJ3R,17858,48.8,18382,0.97,73.9,4.9,1050,27515,0.65,0.14,0.67,0.08,0.08,69.3,0.99,0.96
NEO,33865,37.8,35258,0.96,72.2,5.8,1994,52038,0.65,0.16,0.68,0.09,0.08,66.8,0.92,0.96
Walco,7046,58.2,7474,0.94,73.9,7.7,401,10609,0.66,0.13,0.70,0.10,0.10,67.5,1.09,1.01
dezon,8878,52.5,9074,0.98,69.9,4.7,527,14163,0.63,0.13,0.64,0.10,0.10,71.1,0.91,1.01
LOGAN,10091,55.2,10391,0.97,70.6,2.6,590,15692,0.64,0.12,0.66,0.10,0.10,70.2,0.95,1.01
smF,13649,56.2,14025,0.97,69.6,4.6,817,21404,0.64,0.13,0.66,0.11,0.11,70.4,0.90,0.96
tahsiN,10211,44.7,10829,0.94,72.7,4.8,588,15274,0.67,0.14,0.71,0.09,0.08,67.8,0.99,0.96
YJ,8424,41.6,8495,0.99,71.0,4.1,514,13425,0.63,0.13,0.63,0.07,0.08,70.2,0.89,1.00
kinqie,11130,57.1,11727,0.95,74.7,4.6,631,16775,0.66,0.13,0.70,0.11,0.09,68.7,1.03,0.96
ponczek,8528,44.5,8767,0.97,70.8,4.0,496,13346,0.64,0.13,0.66,0.09,0.08,70.7,0.90,1.01
JT,16713,48.3,17428,0.96,72.3,4.7,1003,26016,0.64,0.14,0.67,0.12,0.11,70.8,1.00,1.03
denis,32721,44.3,34569,0.95,75.0,3.6,1830,48692,0.67,0.14,0.71,0.11,0.09,68.2,1.08,0.95
friberg,32687,47.3,34283,0.95,70.5,5.1,1930,50258,0.65,0.16,0.68,0.11,0.09,68.3,0.92,0.95
alexRr,7438,39.8,7992,0.93,72.6,3.8,433,11346,0.66,0.12,0.70,0.09,0.07,65.7,1.09,0.95
dumz,7889,48.4,8209,0.96,71.2,3.1,455,12074,0.65,0.12,0.68,0.10,0.09,69.9,1.02,0.95
steel,23974,40.8,24780,0.97,71.9,3.6,1419,37082,0.65,0.13,0.67,0.10,0.09,69.9,0.96,0.95
devoduvek,10824,49.7,11384,0.95,75.9,3.4,625,16543,0.65,0.15,0.69,0.10,0.09,69.6,1.01,0.95
TaZ,36336,51.4,37765,0.96,67.7,2.3,2125,55776,0.65,0.13,0.68,0.11,0.09,68.7,0.89,0.95
caike,8311,42.6,8666,0.96,71.6,4.0,489,12784,0.65,0.14,0.68,0.10,0.09,70.3,1.00,0.95
H4RR3,11047,50.8,11743,0.94,74.9,4.6,621,16759,0.66,0.14,0.70,0.12,0.10,70.2,1.06,1.03
dERZKIY,7040,53.9,7428,0.95,72.2,2.3,407,10613,0.66,0.13,0.70,0.10,0.11,68.1,0.93,0.95
Console,11948,39.5,12530,0.95,74.0,3.2,708,18612,0.64,0.15,0.67,0.11,0.09,70.1,0.98,0.95
RAiLWAY,7740,54.7,8340,0.93,76.8,4.9,421,11323,0.68,0.13,0.74,0.09,0.09,66.7,1.07,1.01
CONNOR93,7738,51.7,8195,0.94,72.8,2.7,449,11544,0.67,0.12,0.71,0.11,0.10,69.0,1.02,0.95
soju_j,9148,41.2,9558,0.96,72.1,4.2,554,14231,0.64,0.14,0.67,0.11,0.10,69.7,0.96,1.01
AcilioN,28561,43.9,29896,0.96,72.4,4.3,1670,44043,0.65,0.15,0.68,0.11,0.09,70.1,0.98,0.95
darko,14167,44.9,14957,0.95,75.0,6.6,796,21582,0.66,0.14,0.69,0.10,0.09,68.9,1.03,1.02
beastik,10255,55.7,10800,0.95,70.8,4.7,597,16026,0.64,0.13,0.67,0.11,0.08,69.9,0.99,1.01
KrizzeN,12720,54.9,13088,0.97,71.4,3.9,763,20020,0.64,0.14,0.65,0.10,0.09,70.8,0.93,1.01
Grusarn,9470,64.0,10206,0.93,73.1,5.3,524,14336,0.66,0.12,0.71,0.10,0.09,68.0,1.05,1.00
oxygeN,8473,59.4,8892,0.95,68.3,4.2,503,13505,0.63,0.11,0.66,0.10,0.08,70.0,0.96,1.00
flashie,10033,41.9,10555,0.95,72.3,3.8,585,15493,0.65,0.14,0.68,0.10,0.09,69.7,0.91,0.95
strux1,6648,36.3,6894,0.96,76.0,1.8,403,10276,0.65,0.14,0.67,0.09,0.09,65.2,0.82,0.95
arvid,15544,44.8,16550,0.94,73.2,4.4,889,23841,0.65,0.14,0.69,0.10,0.10,68.7,1.01,0.95
ecfN,7387,53.8,7858,0.94,75.1,3.1,426,11214,0.66,0.14,0.70,0.12,0.11,68.9,1.01,0.95
Karsa,7360,48.7,7650,0.96,70.5,3.7,457,11674,0.63,0.14,0.66,0.10,0.09,70.1,0.88,0.95
Inzta,12779,43.9,13628,0.94,72.5,2.6,754,19798,0.65,0.14,0.69,0.10,0.09,68.3,0.96,0.94
TOAO,18268,47.9,19236,0.95,69.6,4.7,1079,28771,0.63,0.12,0.67,0.09,0.08,68.4,0.97,0.99
Rock1nG,15257,55.3,16282,0.94,74.1,5.0,883,23271,0.66,0.14,0.70,0.10,0.09,69.0,1.01,1.01
uNdo,7217,54.3,7588,0.95,70.3,2.8,431,11262,0.64,0.12,0.67,0.08,0.09,68.5,0.89,0.94
nosraC,6752,51.0,7250,0.93,74.9,5.9,389,10272,0.66,0.14,0.71,0.09,0.08,68.0,1.05,1.01
vSa,6351,42.5,6673,0.95,70.6,2.8,385,10066,0.63,0.15,0.66,0.12,0.11,71.3,0.83,0.94
Fifflaren,7894,37.5,7934,0.99,91.7,6.2,538,13220,0.60,0.15,0.60,0.04,0.16,72.0,1.13,0.94
boX,21169,43.6,22464,0.94,75.2,5.9,1230,32754,0.65,0.16,0.69,0.10,0.08,69.1,1.11,1.04
kzy,16347,47.6,17186,0.95,72.6,4.8,983,25625,0.64,0.14,0.67,0.09,0.09,69.0,0.95,0.94
SileNt,10751,36.1,11539,0.93,70.9,2.6,624,16235,0.66,0.12,0.71,0.10,0.09,66.9,1.00,0.94
Twixie,11919,48.2,12635,0.94,71.9,5.2,690,18747,0.64,0.13,0.67,0.10,0.09,69.7,0.97,1.00
tonyblack,13828,48.6,14553,0.95,69.6,3.8,826,21699,0.64,0.13,0.67,0.08,0.08,68.4,0.91,0.94
Sidney,6594,50.4,6937,0.95,70.6,6.7,394,10632,0.62,0.14,0.65,0.10,0.09,69.9,0.91,0.99
matty,8454,40.1,8997,0.94,77.0,5.8,487,12886,0.66,0.17,0.70,0.10,0.11,68.8,1.02,0.94
rafftu,8502,51.9,9019,0.94,70.7,3.3,491,13172,0.65,0.13,0.68,0.12,0.11,70.2,0.95,1.00
arch,10295,49.0,10953,0.94,72.7,2.2,593,15530,0.66,0.13,0.71,0.10,0.10,68.9,0.92,0.94
interz,12410,50.1,12577,0.99,63.2,5.0,808,21495,0.58,0.12,0.59,0.10,0.10,73.3,0.80,0.99
tutehen,7111,46.3,7467,0.95,71.2,4.4,432,11167,0.64,0.14,0.67,0.11,0.11,70.1,0.92,0.94
EXUS,14529,42.6,15559,0.93,71.2,3.6,840,22388,0.65,0.13,0.69,0.10,0.09,67.2,1.02,0.94
RIZZZ,7027,52.0,7579,0.93,70.9,3.8,422,11051,0.64,0.13,0.69,0.12,0.11,70.3,0.94,1.00
LOMME,10221,42.5,10753,0.95,72.0,4.5,623,16172,0.63,0.15,0.66,0.10,0.09,70.6,0.92,0.94
Polly,7542,41.2,8087,0.93,63.9,3.0,451,11723,0.64,0.12,0.69,0.09,0.07,66.3,0.89,0.94
Ex6TenZ,22665,41.5,23729,0.96,74.8,4.0,1393,36352,0.62,0.15,0.65,0.09,0.08,69.3,1.01,0.94
ub1que,8319,41.8,8815,0.94,73.3,3.1,491,12691,0.66,0.13,0.69,0.09,0.09,68.7,0.94,0.94
DANZ,6569,42.4,7149,0.92,72.0,2.3,380,9912,0.66,0.13,0.72,0.09,0.10,65.9,0.94,0.94
Noisia,9682,43.7,10298,0.94,72.5,4.8,579,15033,0.64,0.14,0.69,0.09,0.08,69.1,0.93,0.99
Shakezullah,11972,42.8,12442,0.96,68.5,4.9,755,19596,0.61,0.12,0.63,0.10,0.08,70.9,0.89,1.00
ngiN,16499,45.3,17247,0.96,68.4,4.1,1025,26895,0.61,0.13,0.64,0.09,0.09,69.7,0.88,0.94
forget,7723,50.3,8457,0.91,75.3,4.3,442,11512,0.67,0.14,0.73,0.10,0.08,67.0,1.06,0.94
repo,8606,46.6,9263,0.93,69.3,3.7,503,13199,0.65,0.13,0.70,0.10,0.09,67.5,0.93,0.93
emi,17763,52.2,18986,0.94,72.3,5.6,1067,27762,0.64,0.15,0.68,0.12,0.10,71.0,0.98,0.93
Duplicate,13549,51.5,14578,0.93,72.4,6.4,804,21453,0.63,0.14,0.68,0.11,0.10,70.1,0.95,1.00
hutji,7719,48.4,8383,0.92,72.0,4.0,453,12010,0.64,0.14,0.70,0.10,0.10,67.6,0.96,0.93
neaLaN,17379,55.7,18705,0.93,73.9,4.7,1004,26781,0.65,0.14,0.70,0.09,0.09,67.7,1.00,1.00
crisby,20591,54.4,22400,0.92,71.5,3.4,1208,31517,0.65,0.13,0.71,0.11,0.10,67.7,0.98,0.93
quix,16096,47.3,17803,0.90,75.0,5.4,905,24005,0.67,0.14,0.74,0.09,0.08,66.1,1.03,0.93
mynio,12785,44.8,13995,0.91,77.2,6.8,736,19735,0.65,0.16,0.71,0.09,0.08,67.2,1.05,0.93
TACO,21224,50.2,22442,0.95,67.6,4.3,1338,34804,0.61,0.12,0.64,0.08,0.07,69.5,0.90,0.93
SkulL,9545,42.6,10585,0.90,75.7,5.5,558,14533,0.66,0.15,0.73,0.11,0.10,67.1,1.08,1.01
kiR,8264,62.1,9118,0.91,71.8,4.4,477,12806,0.65,0.12,0.71,0.09,0.10,66.5,1.00,0.97
arki,13228,52.6,14314,0.92,70.9,5.5,807,21185,0.62,0.15,0.68,0.10,0.08,69.2,0.94,0.92
S0tF1k,21364,49.2,23267,0.92,71.5,5.4,1289,33952,0.63,0.14,0.69,0.10,0.09,68.6,0.96,0.92
hitMouse,8785,49.0,9410,0.93,71.2,4.5,538,14028,0.63,0.13,0.67,0.09,0.09,68.9,0.91,0.92
aVN,8416,53.0,9082,0.93,69.4,2.7,499,13259,0.63,0.12,0.68,0.11,0.11,69.2,0.91,0.92
Xp3,8326,39.7,9118,0.91,70.5,3.4,502,13113,0.63,0.13,0.70,0.09,0.08,67.3,0.97,0.92
ncl,8091,49.2,8677,0.93,69.3,3.8,505,12970,0.62,0.14,0.67,0.11,0.09,69.2,0.90,0.92
pNshr,9802,43.2,10611,0.92,71.1,3.1,595,15532,0.63,0.15,0.68,0.10,0.09,69.8,0.91,0.92
MSL,28897,39.9,32141,0.90,70.8,3.8,1715,44808,0.64,0.15,0.72,0.11,0.08,67.1,1.05,0.92
Dav,6877,41.4,7571,0.91,71.9,4.6,423,10932,0.63,0.15,0.69,0.11,0.11,69.0,0.96,0.92
SANJI,12151,62.2,13149,0.92,68.8,3.9,743,19879,0.61,0.12,0.66,0.10,0.08,68.8,0.90,0.97
Luz,10739,48.2,11696,0.92,72.8,3.2,647,16970,0.63,0.14,0.69,0.10,0.09,68.4,0.94,0.92
akez,7762,55.1,8614,0.90,71.3,3.4,452,12258,0.63,0.13,0.70,0.11,0.10,68.3,0.92,0.92
Zeus,23470,43.5,25460,0.92,69.9,5.5,1405,37152,0.63,0.17,0.69,0.11,0.08,68.5,0.88,0.92
nak,8158,44.5,8829,0.92,70.8,4.5,514,13305,0.61,0.15,0.66,0.10,0.09,69.8,0.88,0.92
arya,7277,34.9,8145,0.89,72.6,3.5,440,11291,0.64,0.14,0.72,0.11,0.09,66.2,1.05,0.92
BTN,17223,53.9,19125,0.90,73.3,5.3,1025,26833,0.64,0.15,0.71,0.11,0.09,68.0,0.96,0.92
karrigan,31692,42.8,35062,0.90,68.7,5.0,1936,50677,0.63,0.13,0.69,0.09,0.07,66.8,0.91,0.91
pietola,6256,47.1,6848,0.91,69.4,5.0,383,10178,0.61,0.13,0.67,0.09,0.10,68.8,0.89,0.91
xartE,18341,37.1,19976,0.92,69.8,6.3,1151,30254,0.61,0.15,0.66,0.09,0.09,69.0,0.89,0.91
tecek,6383,38.1,7221,0.88,73.8,3.7,376,9987,0.64,0.16,0.72,0.11,0.08,67.6,1.03,0.91
svyat,11569,51.9,12622,0.92,69.6,4.7,710,19072,0.61,0.14,0.66,0.09,0.09,69.3,0.90,0.98
LEGIJA,14245,49.8,15916,0.90,69.5,4.6,869,22614,0.63,0.14,0.70,0.09,0.08,66.6,0.93,0.91
roman,6787,55.0,7451,0.91,69.6,3.0,414,10880,0.62,0.14,0.68,0.11,0.10,68.3,0.89,0.91
Shara,6329,51.8,7071,0.90,74.4,2.6,383,9929,0.64,0.14,0.71,0.08,0.07,66.3,0.98,0.91
wayLander,13258,51.8,14973,0.89,70.8,3.2,794,20857,0.64,0.13,0.72,0.08,0.07,65.3,0.95,0.91
BONA,7931,52.1,8874,0.89,69.9,4.5,476,12674,0.63,0.13,0.70,0.10,0.10,67.4,0.93,0.91
sAw,20522,47.9,22630,0.91,69.3,6.1,1267,33681,0.61,0.16,0.67,0.11,0.09,69.2,0.87,0.90
kRYSTAL,29058,36.6,32369,0.90,67.2,5.3,1833,47929,0.61,0.14,0.68,0.10,0.08,67.9,0.88,0.90
ben1337,13753,46.7,15362,0.90,69.6,4.9,856,22391,0.61,0.14,0.69,0.11,0.09,69.4,0.92,0.97
MiGHTYMAX,17328,49.2,19297,0.90,66.3,5.3,1110,29408,0.59,0.13,0.66,0.10,0.09,69.5,0.87,0.90
crush,11789,52.5,13256,0.89,69.8,4.9,729,19205,0.61,0.13,0.69,0.09,0.07,67.1,0.91,0.90
balblna,9791,49.8,11024,0.89,70.4,5.1,611,16017,0.61,0.15,0.69,0.11,0.10,68.6,0.89,0.90
Golden,13901,53.4,15842,0.88,69.2,5.4,852,22675,0.61,0.14,0.70,0.10,0.09,67.3,0.92,0.94
sycrone,8771,41.1,9749,0.90,70.4,4.3,553,14608,0.60,0.15,0.67,0.10,0.09,69.4,0.86,0.90
nkl,9990,42.9,11036,0.91,68.3,3.3,642,16554,0.60,0.15,0.67,0.10,0.07,70.6,0.87,0.90
hooch,14410,41.8,16212,0.89,70.9,4.4,894,23450,0.61,0.14,0.69,0.08,0.07,66.1,0.90,0.90
lunAtic,14199,38.7,15850,0.90,68.0,5.4,857,23286,0.61,0.13,0.68,0.10,0.09,68.2,0.90,0.90
FNS,15287,45.9,17081,0.89,68.0,4.1,953,25080,0.61,0.14,0.68,0.10,0.08,68.9,0.85,0.89
spiker,6837,42.7,7811,0.88,71.5,2.6,415,10974,0.62,0.14,0.71,0.08,0.08,65.6,0.96,0.89
JiNKZ,8657,53.5,9850,0.88,69.7,3.8,542,14411,0.60,0.15,0.68,0.11,0.09,69.9,0.94,0.97
MAiNLiNE,6904,51.7,7968,0.87,69.1,2.4,437,11092,0.62,0.14,0.72,0.11,0.09,67.0,1.00,0.89
pronax,18722,45.8,20989,0.89,64.7,4.0,1199,31403,0.60,0.14,0.67,0.09,0.08,65.9,0.86,0.89
Psycho,7689,52.0,8719,0.88,70.3,6.5,474,12656,0.61,0.15,0.69,0.10,0.09,68.3,0.89,0.95
Polen,7017,53.3,7995,0.88,69.8,4.3,435,11470,0.61,0.14,0.70,0.10,0.08,68.0,0.93,0.89
ScrunK,13995,46.7,16288,0.86,71.4,6.8,858,22827,0.61,0.14,0.71,0.10,0.08,66.4,0.95,0.89
Lambert,11962,37.1,13543,0.88,63.4,3.6,775,20411,0.59,0.11,0.66,0.09,0.08,67.7,0.84,0.88
LeX,7418,44.7,8680,0.85,71.1,4.0,462,11931,0.62,0.14,0.73,0.10,0.08,66.4,0.92,0.88
torben,8176,49.5,9372,0.87,66.2,3.7,532,13939,0.59,0.12,0.67,0.10,0.09,68.6,0.84,0.93
JD,6071,47.0,7176,0.85,71.2,5.0,374,9620,0.63,0.15,0.75,0.12,0.09,66.5,0.98,0.94
seang@res,10904,40.2,12533,0.87,67.4,4.8,713,18391,0.59,0.14,0.68,0.11,0.08,68.0,0.87,0.88
advent,14934,49.8,16899,0.88,62.2,4.4,1038,26635,0.56,0.13,0.63,0.11,0.10,71.6,0.76,0.87
flowsicK,6257,47.4,7304,0.86,73.6,3.7,395,10074,0.62,0.15,0.73,0.11,0.08,67.4,0.97,0.87
daps,15834,40.2,18188,0.87,66.7,4.4,1049,27412,0.58,0.14,0.66,0.10,0.07,69.7,0.82,0.87
BERRY,12946,38.0,15271,0.85,71.7,5.8,799,20911,0.62,0.15,0.73,0.10,0.08,65.5,0.98,0.87
birdfromsky,11304,42.2,13115,0.86,72.1,7.5,707,18940,0.60,0.17,0.69,0.14,0.09,69.9,0.97,0.98
nawrot,9751,47.1,11483,0.85,66.1,4.0,602,16159,0.60,0.12,0.71,0.10,0.09,66.5,0.91,0.92
HooXi,11187,49.9,13160,0.85,68.5,5.9,715,19101,0.59,0.13,0.69,0.09,0.08,66.8,0.88,0.87
def,9243,41.8,10836,0.85,67.4,3.4,605,15797,0.59,0.14,0.69,0.11,0.08,69.0,0.85,0.86
djL,10263,47.3,11998,0.86,63.0,3.0,688,18180,0.56,0.12,0.66,0.10,0.08,69.2,0.80,0.91
Devilwalk,6122,51.3,7223,0.85,69.8,3.9,400,10494,0.58,0.16,0.69,0.12,0.08,66.8,0.91,0.86
Twista,5863,35.9,7012,0.84,67.4,5.1,380,9970,0.59,0.16,0.70,0.09,0.09,67.3,0.82,0.85
gob b,14445,48.5,17256,0.84,66.6,6.0,975,25707,0.56,0.13,0.67,0.10,0.08,68.3,0.84,0.85
Slemmy,6638,49.6,7951,0.83,63.7,3.2,445,11663,0.57,0.12,0.68,0.11,0.09,67.7,0.78,0.85
SolEk,5586,49.5,6871,0.81,60.9,2.6,377,9498,0.59,0.13,0.72,0.11,0.07,64.9,0.70,0.84
PASHANOJ,9147,53.5,11398,0.80,68.2,4.0,599,15675,0.58,0.13,0.73,0.10,0.07,64.6,0.91,0.90
B1ad3,13472,41.9,16880,0.80,66.5,2.6,899,23232,0.58,0.16,0.73,0.10,0.07,64.6,0.84,0.83
netrick,6740,48.2,8472,0.80,66.7,6.6,454,11952,0.56,0.14,0.71,0.11,0.09,66.3,0.85,0.82
HUNDEN,22470,48.7,28708,0.78,64.4,4.5,1578,41153,0.55,0.14,0.70,0.11,0.09,66.8,0.80,0.81
RuFire,5535,48.0,7448,0.74,66.5,4.7,381,10106,0.55,0.14,0.74,0.09,0.06,63.3,0.81,0.84
OCEAN,5530,44.3,7492,0.74,59.7,3.6,410,10602,0.52,0.12,0.71,0.09,0.08,64.3,0.72,0.77
